sensor_timestamp_ns,relative_to_audio_start_ns,x_m_s2,y_m_s2,z_m_s2,accuracy
193484623771406,-6525664,2.2809582,9.285647,2.9676983,3
193484626271406,-4025664,2.2809582,9.285647,2.9676983,3
193484628771406,-1525664,2.2809582,9.285647,2.9676983,3
193484631271406,974336,2.2809582,9.285647,2.9676983,3
193484633771406,3474336,2.2809582,9.285647,2.9676983,3
193484636271406,5974336,2.3168504,9.286545,2.9312077,3
193484638771406,8474336,2.6004,9.283853,2.6512475,3
193484641271406,10974336,2.6575286,9.250054,2.629114,3
193484643771406,13474336,2.7029922,9.241979,2.6042883,3
193484646271406,15974336,2.7233312,9.227323,2.5731816,3
193484648771406,18474336,2.743072,9.203992,2.5549364,3
193484651271406,20974336,2.7454648,9.200104,2.492723,3
193484653771406,23474336,2.6955147,9.219845,2.3925235,3
193484656271406,25974336,2.6679974,9.245269,2.3069801,3
193484658771406,28474336,2.6252255,9.271291,2.2019951,3
193484661271406,30974336,2.582753,9.300303,2.1080768,3
193484663771406,33474336,2.545664,9.335299,2.03031,3
193484666271406,35974336,2.5253253,9.3613205,1.9833509,3
193484668771406,38474336,2.5049863,9.394221,1.9561325,3
193484671271406,40974336,2.478665,9.403793,1.9591235,3
193484673771406,43474336,2.457728,9.413364,1.9648064,3
193484676271406,45974336,2.43709,9.409177,2.0048864,3
193484678771406,48474336,2.4059832,9.393025,2.0374885,3
193484681271406,50974336,2.3512473,9.377771,2.079961,3
193484683771406,53474336,2.2905295,9.378369,2.102992,3
193484686271406,55974336,2.2307088,9.367003,2.1415763,3
193484688771406,58474336,2.1681964,9.366106,2.1963122,3
193484691271406,60974336,2.0916262,9.353543,2.2178476,3
193484693771406,63474336,2.0294127,9.327223,2.2301106,3
193484696271406,65974336,1.977967,9.293723,2.2779672,3
193484698771406,68474336,1.9396819,9.260223,2.3901308,3
193484701271406,70974336,1.9336998,9.21476,2.4849463,3
193484703771406,73474336,1.9070797,9.160623,2.594418,3
193484706271406,75974336,1.878964,9.129516,2.667399,3
193484708771406,78474336,1.8442681,9.100503,2.7308087,3
193484711271406,80974336,1.8086748,9.073584,2.8112676,3
193484713771406,83474336,1.791626,9.052945,2.9315069,3
193484716271406,85974336,1.7608184,9.018549,3.0457642,3
193484718771406,88474336,1.7416757,8.980264,3.1537402,3
193484721271406,90974336,1.7273189,8.953942,3.3077781,3
193484723771406,93474336,1.7150556,8.921639,3.4806597,3
193484726271406,95974336,1.7027924,8.889337,3.6409788,3
193484728771406,98474336,1.7018951,8.86122,3.7689948,3
193484731271406,100974336,1.6950158,8.836395,3.8928235,3
193484733771406,103474336,1.6914265,8.797811,4.0094733,3
193484736271406,105974336,1.6824534,8.739186,4.106981,3
193484738771406,108474336,1.6755741,8.69791,4.197011,3
193484741271406,110974336,1.681257,8.642876,4.278367,3
193484743771406,113474336,1.7027924,8.585747,4.3528433,3
193484746271406,115974336,1.7261224,8.536395,4.4039903,3
193484748771406,118474336,1.7488543,8.493922,4.438387,3
193484751271406,120974336,1.7784654,8.443374,4.475476,3
193484753771406,123474336,1.7650058,8.403593,4.5008993,3
193484756271406,125974336,1.7766708,8.385946,4.5427737,3
193484758771406,128474336,1.835594,8.362915,4.5915275,3
193484761271406,130974336,1.8400806,8.328518,4.6091747,3
193484763771406,133474336,1.9217356,8.277371,4.6022954,3
193484766271406,135974336,1.9325033,8.285747,4.616353,3
193484768771406,138474336,1.8972093,8.266604,4.5915275,3
193484771271406,140974336,1.8942182,8.236693,4.618148,3
193484773771406,143474336,1.9328024,8.195417,4.605286,3
193484776271406,145974336,1.9594226,8.175676,4.546363,3
193484778771406,148474336,2.0120647,8.170891,4.485047,3
193484781271406,150974336,2.065006,8.196315,4.4572306,3
193484783771406,153474336,2.102992,8.189436,4.427619,3
193484786271406,155974336,2.1197417,8.213364,4.395914,3
193484788771406,158474336,2.134996,8.233105,4.383053,3
193484791271406,160974336,2.1364915,8.244769,4.360321,3
193484793771406,163474336,2.1514466,8.292327,4.331009,3
193484796271406,165974336,2.1586251,8.348857,4.2499523,3
193484798771406,168474336,2.1565313,8.408678,4.1892343,3
193484801271406,170974336,2.1323042,8.461918,4.1171503,3
193484803771406,173474336,2.1041884,8.520244,4.0794635,3
193484806271406,175974336,2.079064,8.589336,4.0558343,3
193484808771406,178474336,2.0542383,8.655437,4.0100718,3
193484811271406,180974336,2.0488544,8.709276,3.9667017,3
193484813771406,183474336,2.070689,8.766106,3.947559,3
193484816271406,185974336,2.0814567,8.813962,3.9146578,3
193484818771406,188474336,2.0811574,8.85793,3.8709888,3
193484821271406,190974336,2.067997,8.889935,3.8356948,3
193484823771406,193474336,2.0718853,8.930014,3.7707894,3
193484826271406,195974336,2.0730817,8.966505,3.7172499,3
193484828771406,198474336,2.079662,8.986245,3.690929,3
193484831271406,200974336,2.1014965,9.000901,3.67388,3
193484833771406,203474336,2.1008983,9.022437,3.618546,3
193484836271406,205974336,2.114657,9.036494,3.586243,3
193484838771406,208474336,2.134996,9.047562,3.5204403,3
193484841271406,210974336,2.1562324,9.060722,3.4893336,3
193484843771406,213474336,2.1765714,9.071789,3.4594233,3
193484846271406,215974336,2.2151556,9.071789,3.4483566,3
193484848771406,218474336,2.2402802,9.057432,3.3954153,3
193484851271406,220974336,2.2680967,9.058628,3.3667014,3
193484853771406,223474336,2.2809582,9.065508,3.3233316,3
193484856271406,225974336,2.2737796,9.066405,3.277868,3
193484858771406,228474336,2.2812574,9.071789,3.2536407,3
193484861271406,230974336,2.309074,9.063414,3.2102706,3
193484863771406,233474336,2.344368,9.064311,3.2072797,3
193484866271406,235974336,2.3754747,9.040084,3.1719856,3
193484868771406,238474336,2.3994029,9.043972,3.1573296,3
193484871271406,240974336,2.4272194,9.053544,3.1477582,3
193484873771406,243474336,2.4514468,9.046365,3.126821,3
193484876271406,245974336,2.466402,9.026625,3.1013973,3
193484878771406,248474336,2.4726832,9.002397,3.0987053,3
193484881271406,250974336,2.4828527,8.985049,3.0846474,3
193484883771406,253474336,2.5022943,8.978469,3.0792637,3
193484886271406,255974336,2.5229323,8.963215,3.0753753,3
193484888771406,258474336,2.5145576,8.929715,3.0505497,3
193484891271406,260974336,2.5354948,8.889935,3.0846474,3
193484893771406,263474336,2.5229323,8.888439,3.0828528,3
193484896271406,265974336,2.5145576,8.870493,3.0550363,3
193484898771406,268474336,2.5262225,8.85793,3.065505,3
193484901271406,270974336,2.530709,8.848957,3.0810583,3
193484903771406,273474336,2.5178475,8.850154,3.1301112,3
193484906271406,275974336,2.5082762,8.837591,3.1848469,3
193484908771406,278474336,2.4996023,8.833404,3.2231321,3
193484911271406,280974336,2.5124638,8.811869,3.2587254,3
193484913771406,283474336,2.507379,8.806484,3.2850463,3
193484916271406,285974336,2.5199413,8.78465,3.313461,3
193484918771406,288474336,2.5408785,8.747861,3.3628132,3
193484921271406,290974336,2.5585256,8.714361,3.4073794,3
193484923771406,293474336,2.5692933,8.69462,3.4800615,3
193484926271406,295974336,2.5749762,8.666505,3.4893336,3
193484928771406,298474336,2.6054847,8.628818,3.5147574,3
193484931271406,300974336,2.6413772,8.578867,3.5560336,3
193484933771406,303474336,2.6811578,8.537591,3.5991044,3
193484936271406,305974336,2.7000012,8.503195,3.6245282,3
193484938771406,308474336,2.7236304,8.470293,3.6454654,3
193484941271406,310974336,2.7652056,8.453842,3.6753755,3
193484943771406,313474336,2.7670002,8.423035,3.7256248,3
193484946271406,315974336,2.7732813,8.407183,3.7573297,3
193484948771406,318474336,2.7819555,8.411968,3.7773697,3
193484951271406,320974336,2.778366,8.407481,3.799204,3
193484953771406,323474336,2.7705896,8.414062,3.8285162,3
193484956271406,325974336,2.7631118,8.423035,3.8470607,3
193484958771406,328474336,2.75713,8.424232,3.8530426,3
193484961271406,330974336,2.7496524,8.418847,3.859623,3
193484963771406,333474336,2.769094,8.426923,3.8611186,3
193484966271406,335974336,2.789433,8.416454,3.865904,3
193484968771406,338474336,2.810071,8.408379,3.8524444,3
193484971271406,340974336,2.8187451,8.411071,3.8398821,3
193484973771406,343474336,2.8408787,8.397013,3.8168511,3
193484976271406,345974336,2.868097,8.390732,3.827918,3
193484978771406,348474336,2.8881369,8.388638,3.8030925,3
193484981271406,350974336,2.8983064,8.380263,3.7860436,3
193484983771406,353474336,2.9015965,8.383852,3.7746778,3
193484986271406,355974336,2.9069805,8.388339,3.7516468,3
193484988771406,358474336,2.900101,8.404191,3.7274194,3
193484991271406,360974336,2.8863423,8.412267,3.7402809,3
193484993771406,363474336,2.9015965,8.434401,3.7016966,3
193484996271406,365974336,2.922833,8.439186,3.7313077,3
193484998771406,368474336,2.9276185,8.447561,3.7339997,3
193485001271406,370974336,2.920141,8.456834,3.7271204,3
193485003771406,373474336,2.914458,8.475677,3.7334015,3
193485006271406,375974336,2.9105697,8.499007,3.7118661,3
193485008771406,378474336,2.900101,8.519944,3.712165,3
193485011271406,380974336,2.8893332,8.522636,3.7184465,3
193485013771406,383474336,2.8839495,8.530113,3.7040894,3
193485016271406,385974336,2.891427,8.533403,3.6693935,3
193485018771406,388474336,2.888436,8.534301,3.6439698,3
193485021271406,390974336,2.8959136,8.545966,3.6197424,3
193485023771406,393474336,2.8959136,8.527422,3.5877385,3
193485026271406,395974336,2.9141588,8.5349,3.5437703,3
193485028771406,398474336,2.9336007,8.526225,3.5333018,3
193485031271406,400974336,2.9620154,8.529515,3.505186,3
193485033771406,403474336,2.9772696,8.534002,3.4779677,3
193485036271406,405974336,2.9892337,8.542078,3.4648073,3
193485038771406,408474336,3.0023942,8.563613,3.4304104,3
193485041271406,410974336,3.0038898,8.580662,3.4313076,3
193485043771406,413474336,3.0089746,8.593225,3.41725,3
193485046271406,415974336,3.0059834,8.600702,3.3930225,3
193485048771406,418474336,3.0068808,8.608778,3.3690944,3
193485051271406,420974336,3.0083764,8.615059,3.3293135,3
193485053771406,423474336,2.9865417,8.633603,3.2910285,3
193485056271406,425974336,2.984149,8.641978,3.2766714,3
193485058771406,428474336,2.966502,8.65813,3.2560334,3
193485061271406,430974336,2.9733813,8.6395855,3.2599218,3
193485063771406,433474336,2.9614172,8.6395855,3.2452657,3
193485066271406,435974336,2.9521449,8.633903,3.2377882,3
193485068771406,438474336,2.9569306,8.613564,3.2350962,3
193485071271406,440974336,2.9602208,8.608479,3.2267213,3
193485073771406,443474336,3.0050862,8.609675,3.249154,3
193485076271406,445974336,3.025126,8.570193,3.2736804,3
193485078771406,448474336,3.10379,8.463115,3.2991042,3
193485081271406,450974336,3.3664024,8.35783,3.3113675,3
193485083771406,453474336,3.4052858,8.309376,3.243172,3
193485086271406,455974336,3.188137,8.365607,3.1971102,3
193485088771406,458474336,2.9763722,8.407183,3.1974092,3
193485091271406,460974336,2.862713,8.384451,3.2925239,3
193485093771406,463474336,2.8438697,8.333304,3.3463624,3
193485096271406,465974336,2.8438697,8.315059,3.3643086,3
193485098771406,468474336,2.7317061,8.382656,3.321537,3
193485101271406,470974336,2.5205395,8.458329,3.2602208,3
193485103771406,473474336,2.3300111,8.520244,3.2629128,3
193485106271406,475974336,2.205285,8.568997,3.3385859,3
193485108771406,478474336,2.1355941,8.600702,3.4121652,3
193485111271406,480974336,2.0491536,8.684152,3.4627135,3
193485113771406,483474336,1.951646,8.771191,3.4884362,3
193485116271406,485974336,1.8771694,8.841479,3.5006995,3
193485118771406,488474336,1.8098712,8.887542,3.51386,3
193485121271406,490974336,1.7808583,8.914461,3.5536408,3
193485123771406,493474336,1.7377875,8.933304,3.5593238,3
193485126271406,495974336,1.6938193,8.968598,3.5641093,3
193485128771406,498474336,1.6414764,9.011071,3.5712879,3
193485131271406,500974336,1.5885352,9.04786,3.5590246,3
193485133771406,503474336,1.5568303,9.098409,3.5431721,3
193485136271406,505974336,1.5424733,9.115458,3.504588,3
193485138771406,508474336,1.5454643,9.123235,3.508177,3
193485141271406,510974336,1.5337993,9.127123,3.5030923,3
193485143771406,513474336,1.5311074,9.122637,3.51386,3
193485146271406,515974336,1.5155541,9.122038,3.5309088,3
193485148771406,518474336,1.4835501,9.115458,3.5554354,3
193485151271406,520974336,1.4665012,9.102896,3.6005998,3
193485153771406,523474336,1.4554343,9.082257,3.6281173,3
193485156271406,525974336,1.5999011,8.578269,3.8312082,3
193485158771406,528474336,2.0814567,7.4940214,3.9490547,3
193485161271406,530974336,1.8257236,7.855936,3.0352955,3
193485163771406,533474336,1.6612171,8.23131,3.0957143,3
193485166271406,535974336,1.6331015,8.441579,3.7914274,3
193485168771406,538474336,1.6677973,8.509774,4.4171505,3
193485171271406,540974336,1.6651055,8.523832,4.631308,3
193485173771406,543474336,1.6896319,8.545667,4.58734,3
193485176271406,545974336,1.7141583,8.563015,4.496114,3
193485178771406,548474336,1.7126628,8.592327,4.4321055,3
193485181271406,550974336,1.6642082,8.619545,4.3579283,3
193485183771406,553474336,1.6130615,8.633603,4.282255,3
193485186271406,555974336,1.5726827,8.625228,4.238287,3
193485188771406,558474336,1.5616158,8.656933,4.1344986,3
193485191271406,560974336,1.5421742,8.704191,4.0151563,3
193485193771406,563474336,1.5499508,8.769994,3.9550366,3
193485196271406,565974336,1.5451652,8.862417,3.9104705,3
193485198771406,568474336,1.5047864,8.94796,3.9323049,3
193485201271406,570974336,1.4673985,9.057432,3.9747775,3
193485203771406,573474336,1.4051851,9.15464,4.0331025,3
193485206271406,575974336,1.332204,9.237492,4.0740795,3
193485208771406,578474336,1.2687942,9.302996,4.0869412,3
193485211271406,580974336,1.2326027,9.354142,4.0833516,3
193485213771406,583474336,1.2248261,9.390633,4.059723,3
193485216271406,585974336,1.2454642,9.390035,4.01725,3
193485218771406,588474336,1.2592229,9.364611,3.9990048,3
193485221271406,590974336,1.2933207,9.316455,4.0145583,3
193485223771406,593474336,1.3447664,9.265009,4.02054,3
193485226271406,595974336,1.3854443,9.219247,4.019344,3
193485228771406,598474336,1.4306089,9.1681,4.019643,3
193485231271406,600974336,1.4656038,9.116654,4.0408792,3
193485233771406,603474336,1.5251254,9.066405,4.0091743,3
193485236271406,605974336,1.556232,9.015557,3.9804604,3
193485238771406,608474336,1.5948163,8.979964,3.952345,3
193485241271406,610974336,1.6390835,8.929416,3.932903,3
193485243771406,613474336,1.6749759,8.86481,3.9332023,3
193485246271406,615974336,1.68694,8.81815,3.9020956,3
193485248771406,618474336,1.7123637,8.767003,3.9050865,3
193485251271406,620974336,1.7258233,8.723334,3.9104705,3
193485253771406,623474336,1.7434704,8.674281,3.9164524,3
193485256271406,625974336,1.7778672,8.630313,3.9693937,3
193485258771406,628474336,1.8308084,8.584849,4.0366917,3
193485261271406,630974336,1.8577276,8.5423765,4.1054854,3
193485263771406,633474336,1.8696918,8.505588,4.167998,3
193485266271406,635974336,1.8939191,8.465208,4.2514477,3
193485268771406,638474336,1.87029,8.446066,4.322933,3
193485271271406,640974336,1.8774685,8.415856,4.3731823,3
193485273771406,643474336,1.8628124,8.387142,4.429414,3
193485276271406,645974336,1.8559331,8.350652,4.4748774,3
193485278771406,648474336,1.8508483,8.306086,4.523033,3
193485281271406,650974336,1.8421743,8.26451,4.5478587,3
193485283771406,653474336,1.8622142,8.2304125,4.558925,3
193485286271406,655974336,1.8684953,8.17478,4.601099,3
193485288771406,658474336,1.8786649,8.151151,4.636692,3
193485291271406,660974336,1.8903298,8.126923,4.6875396,3
193485293771406,663474336,1.899602,8.109276,4.7222357,3
193485296271406,665974336,1.8912272,8.096415,4.732405,3
193485298771406,668474336,1.9040886,8.085348,4.718048,3
193485301271406,670974336,1.910968,8.079964,4.7231326,3
193485303771406,673474336,1.9265213,8.052446,4.741378,3
193485306271406,675974336,1.9402801,8.0359955,4.7506504,3
193485308771406,678474336,1.9414765,8.018049,4.7623153,3
193485311271406,680974336,1.9468603,8.003693,4.7605205,3
193485313771406,683474336,1.9525433,7.998608,4.7718863,3
193485316271406,685974336,1.9387846,8.005487,4.750351,3
193485318771406,688474336,1.9501505,8.012666,4.738387,3
193485321271406,690974336,1.9588244,8.027621,4.706981,3
193485323771406,693474336,1.9612173,8.04108,4.6746783,3
193485326271406,695974336,1.977967,8.060522,4.6495533,3
193485328771406,698474336,1.9935204,8.093722,4.6283174,3
193485331271406,700974336,2.0006988,8.123632,4.5834517,3
193485333771406,703474336,2.01027,8.165208,4.5631127,3
193485336271406,705974336,2.009971,8.19123,4.537091,3
193485338771406,708474336,2.0237298,8.2253275,4.5412784,3
193485341271406,710974336,2.0485554,8.254939,4.525426,3
193485343771406,713474336,2.068296,8.271688,4.540381,3
193485346271406,715974336,2.0748763,8.298309,4.518247,3
193485348771406,718474336,2.0871396,8.297412,4.525426,3
193485351271406,720974336,2.103291,8.306086,4.5302114,3
193485353771406,723474336,2.120938,8.316554,4.542176,3
193485356271406,725974336,2.1418753,8.325827,4.555037,3
193485358771406,728474336,2.14696,8.323434,4.558925,3
193485361271406,730974336,2.1619153,8.309675,4.5726843,3
193485363771406,733474336,2.161616,8.309376,4.5819564,3
193485366271406,735974336,2.1499512,8.3123665,4.555336,3
193485368771406,738474336,2.126621,8.311469,4.5655055,3
193485371271406,740974336,2.1176481,8.293224,4.549952,3
193485373771406,743474336,2.1245275,8.287541,4.5487556,3
193485376271406,745974336,2.129313,8.275578,4.551448,3
193485378771406,748474336,2.1343977,8.266903,4.571787,3
193485381271406,750974336,2.1305094,8.259425,4.599603,3
193485383771406,753474336,2.1574287,8.267501,4.624728,3
193485386271406,755974336,2.149353,8.254939,4.6953163,3
193485388771406,758474336,2.14038,8.260622,4.764708,3
193485391271406,760974336,2.1242282,8.248359,4.8391848,3
193485393771406,763474336,2.120639,8.259725,4.88405,3
193485396271406,765974336,2.0916262,8.210373,4.907081,3
193485398771406,768474336,2.0668006,8.219346,4.894818,3
193485401271406,770974336,2.0461624,8.204091,4.8846483,3
193485403771406,773474336,2.0057836,8.199306,4.889135,3
193485406271406,775974336,1.9848464,8.185547,4.8909297,3
193485408771406,778474336,1.9725832,8.175078,4.918746,3
193485411271406,780974336,1.9453648,8.179266,4.95404,3
193485413771406,783474336,1.9193429,8.168498,4.977968,3
193485416271406,785974336,1.8912272,8.187042,5.0255256,3
193485418771406,788474336,1.8481563,8.212766,5.0255256,3
193485421271406,790974336,1.8173488,8.23101,5.052744,3
193485423771406,793474336,1.7898313,8.252846,5.08415,3
193485426271406,795974336,1.7659031,8.274081,5.102096,3
193485428771406,798474336,1.7237296,8.267202,5.1176496,3
193485431271406,800974336,1.7001005,8.274381,5.133502,3
193485433771406,803474336,1.6791633,8.257332,5.1382875,3
193485436271406,805974336,1.6701902,8.249256,5.123033,3
193485438771406,808474336,1.6719848,8.235497,5.103891,3
193485441271406,810974336,1.6860427,8.202895,5.1125646,3
193485443771406,813474336,1.7024933,8.179864,5.1035914,3
193485446271406,815974336,1.7285153,8.125129,5.0997033,3
193485448771406,818474336,1.7536399,8.105687,5.1218367,3
193485451271406,820974336,1.7835501,8.053643,5.128118,3
193485453771406,823474336,1.8173488,8.027022,5.145466,3
193485456271406,825974336,1.8535402,7.979166,5.181957,3
193485458771406,828474336,1.8969102,7.9313097,5.206483,3
193485461271406,830974336,1.9298115,7.879266,5.2498527,3
193485463771406,833474336,1.9651057,7.8284183,5.2695937,3
193485466271406,835974336,1.9947168,7.7700934,5.298607,3
193485468771406,838474336,2.0090737,7.730313,5.300102,3
193485471271406,840974336,1.9980069,7.6890364,5.2884374,3
193485473771406,843474336,2.003989,7.6645103,5.2902317,3
193485476271406,845974336,2.01027,7.6363945,5.2929235,3
193485478771406,848474336,2.0228324,7.6199436,5.2884374,3
193485481271406,850974336,2.0515463,7.600801,5.2758746,3
193485483771406,853474336,2.0647068,7.596614,5.272585,3
193485486271406,855974336,2.0814567,7.5996046,5.2606206,3
193485488771406,858474336,2.108974,7.6145597,5.239384,3
193485491271406,860974336,2.1248264,7.6331043,5.2435718,3
193485493771406,863474336,2.1478574,7.661818,5.265705,3
193485496271406,865974336,2.1508484,7.681858,5.285147,3
193485498771406,868474336,2.1361923,7.728518,5.2402816,3
193485501271406,870974336,2.115255,7.77129,5.1924253,3
193485503771406,873474336,2.102992,7.818548,5.142774,3
193485506271406,875974336,2.0778673,7.8571324,5.0997033,3
193485508771406,878474336,2.053939,7.9184484,5.044668,3
193485511271406,880974336,2.0461624,7.9537425,5.005486,3
193485513771406,883474336,2.0252252,8.010572,4.974379,3
193485516271406,885974336,2.0258234,8.049156,4.9842496,3
193485518771406,888474336,2.009971,8.088937,4.9459643,3
193485521271406,890974336,1.9947168,8.106584,4.918148,3
193485523771406,893474336,2.0030916,8.126026,4.8999023,3
193485526271406,895974336,2.012364,8.14128,4.927719,3
193485528771406,898474336,2.001297,8.163115,4.9522457,3
193485531271406,900974336,2.0021944,8.167003,4.9752765,3
193485533771406,903474336,1.9878374,8.190931,4.9522457,3
193485536271406,905974336,1.9561325,8.210073,4.976772,3
193485538771406,908474336,1.9094725,8.223534,5.016852,3
193485541271406,910974336,1.843969,8.22772,5.048557,3
193485543771406,913474336,1.7826529,8.235198,5.034798,3
193485546271406,915974336,1.7455641,8.23131,5.0359945,3
193485548771406,918474336,1.7012969,8.232207,5.0889354,3
193485551271406,920974336,1.6606189,8.222337,5.11735,3
193485553771406,923474336,1.617249,8.216953,5.1352963,3
193485556271406,925974336,1.5693926,8.223534,5.148756,3
193485558771406,928474336,1.4931214,8.2346,5.174479,3
193485561271406,930974336,1.4153546,8.229815,5.158028,3
193485563771406,933474336,1.3351951,8.245966,5.17089,3
193485566271406,935974336,1.2619148,8.251051,5.181957,3
193485568771406,938474336,1.1943176,8.258529,5.2079782,3
193485571271406,940974336,1.1060823,8.286943,5.2283173,3
193485573771406,943474336,1.032503,8.320742,5.2372904,3
193485576271406,945974336,0.9487542,8.353643,5.2809596,3
193485578771406,948474336,0.8560323,8.406584,5.2624154,3
193485581271406,950974336,0.8039884,8.435298,5.2740803,3
193485583771406,953474336,0.7588239,8.47149,5.2740803,3
193485586271406,955974336,0.73459655,8.492427,5.278866,3
193485588771406,958474336,0.73100734,8.499905,5.2947183,3
193485591271406,960974336,0.7328019,8.507681,5.3072805,3
193485593771406,963474336,0.76540416,8.518449,5.2896338,3
193485596271406,965974336,0.7857431,8.5067835,5.2815576,3
193485598771406,968474336,0.8177471,8.507381,5.2836514,3
193485601271406,970974336,0.8602197,8.481659,5.2645087,3
193485603771406,973474336,0.910469,8.459825,5.2226343,3
193485606271406,975974336,0.96759766,8.42453,5.209474,3
193485608771406,978474336,1.0378869,8.397611,5.180461,3
193485611271406,980974336,1.1030912,8.370393,5.1550374,3
193485613771406,983474336,1.1730813,8.322237,5.1179485,3
193485616271406,985974336,1.2367902,8.29771,5.0712886,3
193485618771406,988474336,1.2963116,8.267202,5.052744,3
193485621271406,990974336,1.3537394,8.242975,5.026423,3
193485623771406,993474336,1.3782659,8.224132,5.02074,3
193485626271406,995974336,1.4027922,8.208878,5.0392847,3
193485628771406,998474336,1.4267205,8.183753,5.0685964,3
193485631271406,1000974336,1.4437693,8.159226,5.1161537,3
193485633771406,1003474336,1.4593227,8.128717,5.1412787,3
193485636271406,1005974336,1.468894,8.106584,5.1610193,3
193485638771406,1008474336,1.4826528,8.080562,5.191528,3
193485641271406,1010974336,1.50359,8.072187,5.241777,3
193485643771406,1013474336,1.5134603,8.053344,5.282455,3
193485646271406,1015974336,1.5032908,8.036594,5.308477,3
193485648771406,1018474336,1.4916258,8.014161,5.349155,3
193485651271406,1020974336,1.4673985,7.983952,5.3976097,3
193485653771406,1023474336,1.4464613,7.9707913,5.456832,3
193485656271406,1025974336,1.4117653,7.958229,5.5247283,3
193485658771406,1028474336,1.3683954,7.9357963,5.578567,3
193485661271406,1030974336,1.3313067,7.9301133,5.6377892,3
193485663771406,1033474336,1.2969099,7.9094753,5.708976,3
193485666271406,1035974336,1.265205,7.886145,5.786443,3
193485668771406,1038474336,1.2427722,7.8702927,5.843572,3
193485671271406,1040974336,1.2212368,7.8520474,5.922535,3
193485673771406,1043474336,1.1796615,7.8260255,5.9578295,3
193485676271406,1045974336,1.1521441,7.8149586,6.0227346,3
193485678771406,1048474336,1.1243275,7.7925262,6.0541406,3
193485681271406,1050974336,1.0956137,7.7829547,6.0664034,3
193485683771406,1053474336,1.0546366,7.7907314,6.0664034,3
193485686271406,1055974336,0.99900347,7.815856,6.061917,3
193485688771406,1058474336,0.9661021,7.8373914,6.0658054,3
193485691271406,1060974336,0.92632145,7.8726854,6.067301,3
193485693771406,1063474336,0.8979067,7.908877,6.0786667,3
193485696271406,1065974336,0.8874381,7.941479,6.0744796,3
193485698771406,1068474336,0.9068798,7.9707913,6.064908,3
193485701271406,1070974336,0.92572325,7.9854474,6.0604215,3
193485703771406,1073474336,0.9625129,7.9908314,6.0693946,3
193485706271406,1075974336,0.99302137,7.9818583,6.0415783,3
193485708771406,1078474336,1.0507482,7.9914293,6.0086765,3
193485711271406,1080974336,1.0800604,7.978269,5.9503517,3
193485713771406,1083474336,1.114158,7.966305,5.898906,3
193485716271406,1085974336,1.154836,7.9570327,5.858527,3
193485718771406,1088474336,1.1895319,7.9534435,5.817849,3
193485721271406,1090974336,1.2290136,7.923234,5.782854,3
193485723771406,1093474336,1.2604194,7.919645,5.7448683,3
193485726271406,1095974336,1.2954143,7.899605,5.718547,3
193485728771406,1098474336,1.3193426,7.8927255,5.711967,3
193485731271406,1100974336,1.3375878,7.8900337,5.698208,3
193485733771406,1103474336,1.3423735,7.887641,5.68086,3
193485736271406,1105974336,1.3366905,7.888239,5.6593246,3
193485738771406,1108474336,1.3447664,7.9166536,5.648557,3
193485741271406,1110974336,1.3274183,7.9100733,5.6132627,3
193485743771406,1113474336,1.3175479,7.9226356,5.6147585,3
193485746271406,1115974336,1.2978072,7.932506,5.5926247,3
193485748771406,1118474336,1.2762718,7.9486575,5.5968122,3
193485751271406,1120974336,1.253839,7.9740815,5.5908303,3
193485753771406,1123474336,1.2086746,7.9884386,5.5923257,3
193485756271406,1125974336,1.1632109,8.0150585,5.6063833,3
193485758771406,1128474336,1.1371889,8.015656,5.6279187,3
193485761271406,1130974336,1.1210374,8.022536,5.6324053,3
193485763771406,1133474336,1.0962119,8.019844,5.636294,3
193485766271406,1135974336,1.0923235,8.007581,5.6473603,3
193485768771406,1138474336,1.0941181,7.992925,5.643173,3
193485771271406,1140974336,1.0827522,7.9716887,5.6685967,3
193485773771406,1143474336,1.0935199,7.958229,5.6581283,3
193485776271406,1145974336,1.0839486,7.9223366,5.6596236,3
193485778771406,1148474336,1.096511,7.8945203,5.6880383,3
193485781271406,1150974336,1.090529,7.870891,5.708677,3
193485783771406,1153474336,1.0884352,7.841878,5.7370915,3
193485786271406,1155974336,1.0986047,7.8173513,5.7729836,3
193485788771406,1158474336,1.1093724,7.799106,5.8100724,3
193485791271406,1160974336,1.1201401,7.7682986,5.843871,3
193485793771406,1163474336,1.1404791,7.745268,5.901299,3
193485796271406,1165974336,1.1557333,7.718947,5.945566,3
193485798771406,1168474336,1.1569297,7.693224,5.9694943,3
193485801271406,1170974336,1.1479566,7.6851482,5.9877396,3
193485803771406,1173474336,1.131506,7.6776705,6.0047884,3
193485806271406,1175974336,1.1006985,7.6719875,6.0320067,3
193485808771406,1178474336,1.0737791,7.6851482,6.0604215,3
193485811271406,1180974336,1.0366904,7.7004023,6.0936217,3
193485813771406,1183474336,1.0124631,7.71117,6.11097,3
193485816271406,1185974336,0.99032944,7.7353973,6.1217375,3
193485818771406,1188474336,0.9726824,7.746763,6.134898,3
193485821271406,1190974336,0.9804591,7.7617183,6.116952,3
193485823771406,1193474336,0.95353985,7.7799635,6.0975103,3
193485826271406,1195974336,0.95443714,7.7793655,6.076274,3
193485828771406,1198474336,0.9556335,7.7904325,6.0664034,3
193485831271406,1200974336,0.9559326,7.7940216,6.0493546,3
193485833771406,1203474336,0.95742816,7.799106,6.0167527,3
193485836271406,1205974336,0.9613165,7.830512,6.0023956,3
193485838771406,1208474336,0.9873384,7.825128,5.9641104,3
193485841271406,1210974336,0.9954142,7.8317084,5.968896,3
193485843771406,1213474336,1.0199406,7.835597,5.9691954,3
193485846271406,1215974336,1.0507482,7.836494,5.9617176,3
193485848771406,1218474336,1.0716854,7.8164544,5.962316,3
193485851271406,1220974336,1.1072787,7.774879,5.9081783,3
193485853771406,1223474336,1.2314063,7.656434,5.0186462,3
193485856271406,1225974336,1.3169497,7.8026958,4.4482574,3
193485858771406,1228474336,1.3369896,8.0359955,4.74736,3
193485861271406,1230974336,1.3591232,8.050951,5.577071,3
193485863771406,1233474336,1.3588241,7.9950185,5.9931235,3
193485866271406,1235974336,1.3316058,8.015956,5.814858,3
193485868771406,1238474336,1.3064811,8.070692,5.3961143,3
193485871271406,1240974336,1.2924234,8.088339,5.058427,3
193485873771406,1243474336,1.2795619,8.084151,4.8263235,3
193485876271406,1245974336,1.2221341,8.046165,4.6674995,3
193485878771406,1248474336,1.1521441,8.031808,4.5212383,3
193485881271406,1250974336,1.1039885,8.057531,4.465904,3
193485883771406,1253474336,1.0666007,8.143673,4.5714874,3
193485886271406,1255974336,1.0127622,8.263613,4.731508,3
193485888771406,1258474336,0.97507524,8.39462,4.8735814,3
193485891271406,1260974336,0.9586246,8.480762,5.00758,3
193485893771406,1263474336,0.93649095,8.509774,5.1346984,3
193485896271406,1265974336,0.9086744,8.514561,5.2863436,3
193485898771406,1268474336,0.88983095,8.496016,5.4349976,3
193485901271406,1270974336,0.87338024,8.482556,5.5947185,3
193485903771406,1273474336,0.8530413,8.446963,5.716154,3
193485906271406,1275974336,0.8353942,8.416454,5.7777696,3
193485908771406,1278474336,0.8276175,8.3632145,5.8151574,3
193485911271406,1280974336,0.8491529,8.292626,5.8537416,3
193485913771406,1283474336,0.87637126,8.210373,5.8836517,3
193485916271406,1285974336,0.91136634,8.125427,5.9007006,3
193485918771406,1288474336,0.9523434,8.044371,5.9506507,3
193485921271406,1290974336,0.97537434,7.9830546,5.9653068,3
193485923771406,1293474336,1.0166506,7.9390864,5.9877396,3
193485926271406,1295974336,1.0594223,7.900203,6.02094,3
193485928771406,1298474336,1.0968101,7.8424764,6.0508504,3
193485931271406,1300974336,1.1294123,7.7880397,6.084649,3
193485933771406,1303474336,1.1503495,7.7365937,6.101997,3
193485936271406,1305974336,1.1841481,7.7150583,6.100202,3
193485938771406,1308474336,1.2233306,7.70459,6.0987067,3
193485941271406,1310974336,1.2690933,7.6800632,6.06102,3
193485943771406,1313474336,1.3100704,7.682456,6.0161543,3
193485946271406,1315974336,1.3507484,7.670193,5.983552,3
193485948771406,1318474336,1.3734802,7.684251,5.9359946,3
193485951271406,1320974336,1.3884354,7.6755767,5.8764734,3
193485953771406,1323474336,1.4099708,7.682456,5.808577,3
193485956271406,1325974336,1.4189439,7.704889,5.748158,3
193485958771406,1328474336,1.4132608,7.722536,5.6724854,3
193485961271406,1330974336,1.4213367,7.748558,5.578567,3
193485963771406,1333474336,1.4306089,7.780263,5.53071,3
193485966271406,1335974336,1.422533,7.8227353,5.4664035,3
193485968771406,1338474336,1.4324034,7.861619,5.428417,3
193485971271406,1340974336,1.4380864,7.90798,5.4113684,3
193485973771406,1343474336,1.4410775,7.9423766,5.4009,3
193485976271406,1345974336,1.4285151,7.981559,5.393721,3
