audio_relative_time_ms,audio_window_start_ms,audio_window_center_ms,audio_window_end_ms,sensor_alignment_lag_ms,microphone_rms,microphone_log_energy_db,microphone_pitch_hz,microphone_pitch_strength,microphone_pitch_reliable,accelerometer_band_energy,accelerometer_band_rms,phone_motion_level,sensor_sample_count,sensor_rate_hz,sensor_reliability,contact_quality,accel_x_band_rms,accel_y_band_rms,accel_z_band_rms,accel_x_peak_hz,accel_y_peak_hz,accel_z_peak_hz,accel_x_peak_power,accel_y_peak_power,accel_z_peak_power,accel_best_axis,accel_peak_hz,accel_peak_power,accel_peak_prominence,accel_peak_reliable,pitch_difference_hz,pitch_agreement_score,pitch_agreement_reliable
0.00,0.00,64.00,128.00,1.62,0.000000,-120.00,0.00,0.0000,0,0.002340,0.048370,2.033157,40,400.00,0.4834,0.0000,0.236885,0.590146,0.047466,0.00,0.00,0.00,2.694625e-05,1.445140e-04,5.545132e-06,Y,0.00,1.445140e-04,20.55,0,0.00,0.0000,0
128.00,128.00,192.00,256.00,2.12,0.000000,-120.00,0.00,0.0000,0,0.000355,0.018846,0.163262,40,400.00,1.0000,0.0336,0.031209,0.074090,0.017004,0.00,0.00,84.68,4.565709e-07,1.278481e-06,5.618596e-06,Z,84.68,5.618596e-06,3.84,1,0.00,0.0000,0
256.00,256.00,320.00,384.00,0.12,0.000000,-120.00,0.00,0.0000,0,0.004936,0.070254,0.600748,40,400.00,1.0000,0.0842,0.029190,0.012144,0.042438,0.00,0.00,0.00,2.004268e-05,5.071154e-07,4.004378e-05,Z,0.00,4.004378e-05,7.25,0,0.00,0.0000,0
384.00,384.00,448.00,512.00,0.62,0.000006,-104.13,0.00,0.0000,0,0.011011,0.104934,0.496538,40,400.00,1.0000,0.1404,0.066551,0.021689,0.044998,83.97,0.00,86.29,4.632624e-06,5.675538e-07,3.854677e-06,X,83.97,4.632624e-06,11.36,1,0.00,0.0000,0
512.00,512.00,576.00,640.00,1.12,0.000036,-88.88,0.00,0.0000,0,0.000900,0.029992,0.193667,40,400.00,1.0000,0.0522,0.061581,0.020893,0.025561,0.00,0.00,86.47,3.542951e-05,2.904747e-06,4.329584e-06,X,0.00,3.542951e-05,14.97,0,0.00,0.0000,0
640.00,640.00,704.00,768.00,1.62,0.000648,-63.77,0.00,0.0000,0,0.003047,0.055199,0.284165,40,400.00,1.0000,0.0895,0.033331,0.015579,0.033230,0.00,122.55,0.00,2.184738e-05,4.617315e-06,1.887934e-05,X,0.00,2.184738e-05,2.39,0,0.00,0.0000,0
768.00,768.00,832.00,896.00,2.12,0.001064,-59.46,0.00,0.0000,0,0.001248,0.035334,0.351101,40,400.00,1.0000,0.0541,0.033019,0.017951,0.033495,140.67,138.83,133.33,3.622712e-06,1.704687e-06,1.648918e-06,X,140.67,3.622712e-06,3.87,1,0.00,0.0000,0
896.00,896.00,960.00,1024.00,0.12,0.000008,-101.49,0.00,0.0000,0,0.005305,0.072834,0.226766,40,400.00,1.0000,0.1236,0.016671,0.015964,0.047293,87.98,119.59,82.04,2.021609e-06,1.300651e-06,4.168564e-05,Z,82.04,4.168564e-05,18.91,1,0.00,0.0000,0
1024.00,1024.00,1088.00,1152.00,0.62,0.000002,-116.43,0.00,0.0000,0,0.001070,0.032716,0.426881,40,400.00,1.0000,0.0468,0.016337,0.013267,0.047579,0.00,113.47,86.38,8.006822e-07,1.273630e-06,3.545537e-06,Z,86.38,3.545537e-06,4.27,1,0.00,0.0000,0
1152.00,1152.00,1216.00,1280.00,1.12,0.000014,-97.13,0.00,0.0000,0,0.000376,0.019401,0.327575,40,400.00,1.0000,0.0303,0.014755,0.009828,0.020688,0.00,144.59,85.39,9.795021e-07,1.282610e-06,3.690468e-06,Z,85.39,3.690468e-06,4.86,1,0.00,0.0000,0
1280.00,1280.00,1344.00,1408.00,1.62,0.000014,-97.26,0.00,0.0000,0,0.000329,0.018138,0.334736,40,400.00,1.0000,0.0282,0.013129,0.007714,0.012846,0.00,0.00,90.21,4.336852e-07,2.760027e-07,1.034225e-06,Z,90.21,1.034225e-06,3.85,1,0.00,0.0000,0
1408.00,1408.00,1472.00,1536.00,2.12,0.000004,-106.99,0.00,0.0000,0,0.000268,0.016377,0.058982,40,400.00,1.0000,0.0315,0.010902,0.007039,0.010365,0.00,0.00,101.09,4.470787e-07,6.562691e-07,1.046385e-06,Z,101.09,1.046385e-06,5.48,1,0.00,0.0000,0
1536.00,1536.00,1600.00,1664.00,0.12,0.006714,-43.46,0.00,0.4636,0,0.001090,0.033010,0.176259,40,400.00,1.0000,0.0583,0.009043,0.008367,0.020875,0.00,0.00,87.41,3.159781e-07,5.881947e-07,4.622465e-06,Z,87.41,4.622465e-06,9.59,1,0.00,0.0000,0
1664.00,1664.00,1728.00,1792.00,0.62,0.004009,-47.94,0.00,0.2611,0,0.000117,0.010828,0.055096,40,400.00,1.0000,0.0209,0.006603,0.008123,0.020649,0.00,0.00,89.97,2.278795e-07,4.340796e-07,2.162339e-06,Z,89.97,2.162339e-06,4.82,1,0.00,0.0000,0
1792.00,1792.00,1856.00,1920.00,1.12,0.000021,-93.68,0.00,0.0000,0,0.000069,0.008295,0.046829,40,400.00,1.0000,0.0161,0.005233,0.004601,0.007351,0.00,0.00,147.79,2.490406e-07,2.891290e-07,1.127312e-06,Z,147.79,1.127312e-06,6.73,1,0.00,0.0000,0
1920.00,1920.00,1984.00,2048.00,1.62,0.000651,-63.73,0.00,0.0000,0,0.000071,0.008408,0.022296,40,400.00,1.0000,0.0166,0.004229,0.004029,0.005927,0.00,0.00,0.00,2.613344e-07,2.653621e-07,5.951543e-07,Z,0.00,5.951543e-07,3.91,0,0.00,0.0000,0
2048.00,2048.00,2112.00,2176.00,2.12,0.003374,-49.44,0.00,0.2693,0,0.000075,0.008632,0.021218,40,400.00,1.0000,0.0170,0.003946,0.004378,0.006098,0.00,0.00,0.00,2.044636e-07,3.764123e-07,4.433269e-07,Z,0.00,4.433269e-07,3.01,0,0.00,0.0000,0
2176.00,2176.00,2240.00,2304.00,0.12,0.001851,-54.65,0.00,0.0000,0,0.000076,0.008707,0.008952,40,400.00,1.0000,0.0173,0.004577,0.004132,0.005773,0.00,0.00,0.00,4.396750e-07,2.556975e-07,4.461306e-07,Z,0.00,4.461306e-07,3.68,0,0.00,0.0000,0
2304.00,2304.00,2368.00,2432.00,0.62,0.000035,-89.11,0.00,0.0000,0,0.000072,0.008508,0.010454,40,400.00,1.0000,0.0169,0.005133,0.004202,0.005730,0.00,0.00,0.00,4.044977e-07,4.849575e-07,7.936747e-07,Z,0.00,7.936747e-07,3.49,0,0.00,0.0000,0
2432.00,2432.00,2496.00,2560.00,1.12,0.000041,-87.77,0.00,0.0000,0,0.000059,0.007682,0.009763,40,400.00,1.0000,0.0153,0.004451,0.004306,0.005716,0.00,0.00,0.00,2.979312e-07,3.071111e-07,5.683283e-07,Z,0.00,5.683283e-07,3.56,0,0.00,0.0000,0
2560.00,2560.00,2624.00,2688.00,1.62,0.001292,-57.78,0.00,0.0000,0,0.000096,0.009780,0.012677,40,400.00,1.0000,0.0194,0.003877,0.004250,0.006849,0.00,0.00,126.76,3.033382e-07,4.747569e-07,1.053497e-06,Z,126.76,1.053497e-06,4.80,1,0.00,0.0000,0
2688.00,2688.00,2752.00,2816.00,2.12,0.000866,-61.25,0.00,0.0000,0,0.000069,0.008303,0.015794,40,400.00,1.0000,0.0164,0.003615,0.004132,0.007015,0.00,0.00,168.82,1.191523e-07,2.919939e-07,1.045543e-06,Z,168.82,1.045543e-06,5.19,1,0.00,0.0000,0
2816.00,2816.00,2880.00,2944.00,0.12,0.002621,-51.63,99.75,0.7489,1,0.000080,0.008927,0.016528,40,400.00,1.0000,0.0177,0.003461,0.004578,0.006021,0.00,0.00,0.00,1.758089e-07,2.565954e-07,5.284297e-07,Z,0.00,5.284297e-07,3.13,0,0.00,0.0000,0
2944.00,2944.00,3008.00,3072.00,0.62,0.004334,-47.26,133.03,0.8112,1,0.000068,0.008244,0.007140,40,400.00,1.0000,0.0164,0.003859,0.004789,0.005768,0.00,0.00,136.44,1.468424e-07,5.659224e-07,1.398035e-06,Z,136.44,1.398035e-06,10.52,1,3.41,0.9129,1
3072.00,3072.00,3136.00,3200.00,1.12,0.004616,-46.71,185.99,0.7788,1,0.000082,0.009076,0.002110,40,400.00,1.0000,0.0181,0.004098,0.004518,0.006119,0.00,0.00,0.00,2.407390e-07,4.262074e-07,9.676676e-07,Z,0.00,9.676676e-07,5.84,0,0.00,0.0000,0
3200.00,3200.00,3264.00,3328.00,1.62,0.003895,-48.19,0.00,0.7527,0,0.000079,0.008888,0.008073,40,400.00,1.0000,0.0177,0.004205,0.004645,0.006620,0.00,0.00,0.00,2.056178e-07,4.441473e-07,9.295103e-07,Z,0.00,9.295103e-07,5.61,0,0.00,0.0000,0
3328.00,3328.00,3392.00,3456.00,2.12,0.004308,-47.31,123.39,0.5183,1,0.000081,0.009003,0.005990,40,400.00,1.0000,0.0179,0.004241,0.004602,0.006499,0.00,0.00,0.00,3.529701e-07,6.156645e-07,6.901200e-07,Z,0.00,6.901200e-07,3.57,0,0.00,0.0000,0
3456.00,3456.00,3520.00,3584.00,0.12,0.005452,-45.27,185.63,0.7269,1,0.000062,0.007866,0.007089,40,400.00,1.0000,0.0157,0.003994,0.004423,0.005655,0.00,0.00,0.00,1.305726e-07,4.629176e-07,4.394361e-07,Y,0.00,4.629176e-07,3.84,0,0.00,0.0000,0
3584.00,3584.00,3648.00,3712.00,0.62,0.002335,-52.63,0.00,0.4582,0,0.000068,0.008237,0.015960,40,400.00,1.0000,0.0163,0.004233,0.004416,0.004958,0.00,0.00,0.00,6.473140e-07,7.493562e-07,4.461260e-07,Y,0.00,7.493562e-07,10.11,0,0.00,0.0000,0
3712.00,3712.00,3776.00,3840.00,1.12,0.002232,-53.03,0.00,0.4133,0,0.000082,0.009033,0.016270,40,400.00,1.0000,0.0179,0.004120,0.004437,0.005406,0.00,0.00,0.00,2.076726e-07,4.616972e-07,5.690746e-07,Z,0.00,5.690746e-07,3.93,0,0.00,0.0000,0
3840.00,3840.00,3904.00,3968.00,1.62,0.000054,-85.42,0.00,0.0000,0,0.000066,0.008134,0.004908,40,400.00,1.0000,0.0162,0.004202,0.004028,0.006367,0.00,0.00,0.00,5.019899e-07,3.867728e-07,5.998381e-07,Z,0.00,5.998381e-07,4.92,0,0.00,0.0000,0
3968.00,3968.00,4032.00,4096.00,2.12,0.028048,-31.04,0.00,0.2904,0,0.000074,0.008577,0.019273,40,400.00,1.0000,0.0169,0.004281,0.004418,0.005622,0.00,0.00,0.00,3.081293e-07,2.301819e-07,3.739413e-07,Z,0.00,3.739413e-07,3.17,0,0.00,0.0000,0
4096.00,4096.00,4160.00,4224.00,0.12,0.106667,-19.44,167.93,0.8542,1,0.000147,0.012104,0.023485,40,400.00,1.0000,0.0238,0.005086,0.004783,0.007451,0.00,0.00,84.42,4.722179e-07,5.228012e-07,1.092046e-06,Z,84.42,1.092046e-06,4.57,1,83.51,0.0000,0
4224.00,4224.00,4288.00,4352.00,0.62,0.020218,-33.89,143.47,0.7084,1,0.000080,0.008967,0.011871,40,400.00,1.0000,0.0178,0.004960,0.004092,0.007990,0.00,0.00,106.28,4.437282e-07,1.855093e-07,1.336046e-06,Z,106.28,1.336046e-06,3.39,1,37.18,0.0000,0
4352.00,4352.00,4416.00,4480.00,1.12,0.057617,-24.79,139.00,0.8476,1,0.000109,0.010434,0.010155,40,400.00,1.0000,0.0207,0.003843,0.003954,0.007661,0.00,0.00,140.77,3.413596e-07,3.464726e-07,2.584278e-06,Z,140.77,2.584278e-06,9.66,1,1.76,0.9760,1
4480.00,4480.00,4544.00,4608.00,1.62,0.016920,-35.43,132.70,0.5953,1,0.000083,0.009107,0.011725,40,400.00,1.0000,0.0181,0.004072,0.004137,0.007317,0.00,0.00,136.69,5.588904e-07,4.239597e-07,1.769440e-06,Z,136.69,1.769440e-06,6.85,1,3.99,0.8829,1
4608.00,4608.00,4672.00,4736.00,2.12,0.042241,-27.49,134.42,0.9410,1,0.000101,0.010049,0.020846,40,400.00,1.0000,0.0198,0.004317,0.004209,0.007055,0.00,0.00,97.19,2.901065e-07,3.813011e-07,1.231297e-06,Z,97.19,1.231297e-06,6.28,1,37.23,0.0000,0
4736.00,4736.00,4800.00,4864.00,0.12,0.069394,-23.17,120.01,0.7415,1,0.000060,0.007733,0.036242,40,400.00,1.0000,0.0151,0.004026,0.003978,0.007007,0.00,0.00,135.55,2.604050e-07,3.194644e-07,2.520702e-06,Z,135.55,2.520702e-06,8.84,1,15.54,0.1514,0
4864.00,4864.00,4928.00,4992.00,0.62,0.052153,-25.65,132.52,0.9243,1,0.000106,0.010298,0.017873,40,400.00,1.0000,0.0204,0.004882,0.003949,0.006680,0.00,0.00,0.00,4.962100e-07,2.174554e-07,8.816254e-07,Z,0.00,8.816254e-07,4.07,0,0.00,0.0000,0
4992.00,4992.00,5056.00,5120.00,1.12,0.050283,-25.97,128.69,0.6397,1,0.000097,0.009874,0.018457,40,400.00,1.0000,0.0195,0.005310,0.004595,0.007165,0.00,0.00,0.00,5.583291e-07,4.368845e-07,9.866607e-07,Z,0.00,9.866607e-07,5.20,0,0.00,0.0000,0
5120.00,5120.00,5184.00,5248.00,1.62,0.046561,-26.64,128.70,0.9075,1,0.000080,0.008962,0.015454,40,400.00,1.0000,0.0177,0.004925,0.004723,0.006372,0.00,0.00,126.60,3.453739e-07,3.242584e-07,1.064306e-06,Z,126.60,1.064306e-06,7.35,1,2.10,0.9661,1
5248.00,5248.00,5312.00,5376.00,2.12,0.047133,-26.53,125.86,0.9466,1,0.000089,0.009430,0.019277,40,400.00,1.0000,0.0186,0.004731,0.004253,0.006422,0.00,0.00,0.00,5.918526e-07,4.257193e-07,9.795989e-07,Z,0.00,9.795989e-07,3.82,0,0.00,0.0000,0
5376.00,5376.00,5440.00,5504.00,0.12,0.049050,-26.19,122.45,0.6048,1,0.000076,0.008712,0.022982,40,400.00,1.0000,0.0172,0.004411,0.004089,0.006705,0.00,0.00,169.12,3.705093e-07,4.606755e-07,1.244579e-06,Z,169.12,1.244579e-06,8.05,1,46.67,0.0000,0
5504.00,5504.00,5568.00,5632.00,0.62,0.010486,-39.59,118.43,0.9210,1,0.000075,0.008673,0.023631,40,400.00,1.0000,0.0171,0.004082,0.003907,0.006934,0.00,0.00,122.69,3.027978e-07,2.253410e-07,1.261452e-06,Z,122.69,1.261452e-06,4.49,1,4.26,0.8678,1
5632.00,5632.00,5696.00,5760.00,1.12,0.025983,-31.71,123.52,0.7719,1,0.000088,0.009368,0.046895,40,400.00,1.0000,0.0182,0.004399,0.004271,0.006829,0.00,0.00,0.00,4.644123e-07,2.878248e-07,7.049287e-07,Z,0.00,7.049287e-07,2.10,0,0.00,0.0000,0
5760.00,5760.00,5824.00,5888.00,1.62,0.030071,-30.44,119.97,0.8929,1,0.000093,0.009644,0.023082,40,400.00,1.0000,0.0190,0.004547,0.005068,0.006510,0.00,0.00,122.32,3.158296e-07,7.768640e-07,1.393475e-06,Z,122.32,1.393475e-06,6.39,1,2.35,0.9579,1
5888.00,5888.00,5952.00,6016.00,2.12,0.031376,-30.07,132.01,0.8304,1,0.000071,0.008422,0.009349,40,400.00,1.0000,0.0167,0.003886,0.004680,0.006684,0.00,0.00,0.00,3.289271e-07,3.860166e-07,8.822459e-07,Z,0.00,8.822459e-07,4.71,0,0.00,0.0000,0
6016.00,6016.00,6080.00,6144.00,0.12,0.001189,-58.49,0.00,0.0000,0,0.000066,0.008141,0.024685,40,400.00,1.0000,0.0160,0.003947,0.003831,0.006163,0.00,0.00,106.90,3.093945e-07,2.855359e-07,1.080126e-06,Z,106.90,1.080126e-06,7.55,1,0.00,0.0000,0
6144.00,6144.00,6208.00,6272.00,0.62,0.040322,-27.89,125.85,0.7303,1,0.000101,0.010037,0.017880,40,400.00,1.0000,0.0198,0.005023,0.003953,0.006458,0.00,0.00,101.05,6.468775e-07,2.199779e-07,1.005512e-06,Z,101.05,1.005512e-06,3.50,1,24.80,0.0082,0
6272.00,6272.00,6336.00,6400.00,1.12,0.028042,-31.04,0.00,0.3920,0,0.000169,0.012994,0.040860,40,400.00,1.0000,0.0253,0.005779,0.004271,0.008457,0.00,0.00,120.88,4.575517e-07,3.667647e-07,1.539024e-06,Z,120.88,1.539024e-06,8.14,1,0.00,0.0000,0
6400.00,6400.00,6464.00,6528.00,1.62,0.027691,-31.15,111.85,0.7115,1,0.000254,0.015951,0.047727,40,400.00,1.0000,0.0309,0.005548,0.004258,0.011606,0.00,0.00,116.32,6.377879e-07,5.019282e-07,3.602374e-06,Z,116.32,3.602374e-06,6.00,1,4.47,0.8552,1
6528.00,6528.00,6592.00,6656.00,2.12,0.000442,-67.08,0.00,0.0000,0,0.000128,0.011300,0.026986,40,400.00,1.0000,0.0222,0.004910,0.004278,0.011106,0.00,0.00,107.27,3.350012e-07,4.260158e-07,1.741382e-06,Z,107.27,1.741382e-06,4.44,1,0.00,0.0000,0
6656.00,6656.00,6720.00,6784.00,0.12,0.000002,-116.43,0.00,0.0000,0,0.000077,0.008760,0.045569,40,400.00,1.0000,0.0170,0.004312,0.004571,0.007886,0.00,0.00,0.00,5.553305e-07,3.272658e-07,9.590040e-07,Z,0.00,9.590040e-07,2.92,0,0.00,0.0000,0
6784.00,6784.00,6848.00,6912.00,0.62,0.000030,-90.54,0.00,0.0000,0,0.000291,0.017064,0.019302,40,400.00,1.0000,0.0337,0.006481,0.005907,0.009666,0.00,0.00,81.83,7.768387e-07,7.400862e-07,1.894900e-06,Z,81.83,1.894900e-06,6.46,1,0.00,0.0000,0
6912.00,6912.00,6976.00,7040.00,1.12,0.000000,-120.00,0.00,0.0000,0,0.000066,0.008133,0.014190,40,400.00,1.0000,0.0161,0.006581,0.005608,0.009189,0.00,0.00,0.00,8.784308e-07,4.256631e-07,8.849855e-07,Z,0.00,8.849855e-07,5.40,0,0.00,0.0000,0
7040.00,7040.00,7104.00,7168.00,1.62,0.019871,-34.04,152.35,0.7180,1,0.000057,0.007558,0.023350,40,400.00,1.0000,0.0149,0.004181,0.003768,0.005937,0.00,0.00,0.00,2.558232e-07,4.267515e-07,6.990412e-07,Z,0.00,6.990412e-07,4.24,0,0.00,0.0000,0
7168.00,7168.00,7232.00,7296.00,2.12,0.090005,-20.91,156.50,0.8743,1,0.000091,0.009535,0.037026,40,400.00,1.0000,0.0186,0.004615,0.003402,0.006475,0.00,0.00,0.00,2.835357e-07,1.956618e-07,5.603080e-07,Z,0.00,5.603080e-07,4.04,0,0.00,0.0000,0
7296.00,7296.00,7360.00,7424.00,0.12,0.006668,-43.52,0.00,0.4995,0,0.000068,0.008255,0.017187,40,400.00,1.0000,0.0163,0.004358,0.003242,0.007441,0.00,0.00,150.88,2.517671e-07,2.325088e-07,2.460721e-06,Z,150.88,2.460721e-06,5.87,1,0.00,0.0000,0
7424.00,7424.00,7488.00,7552.00,0.62,0.037224,-28.58,129.36,0.8267,1,0.000081,0.009014,0.014873,40,400.00,1.0000,0.0178,0.004025,0.003704,0.006720,0.00,0.00,0.00,2.561243e-07,1.932850e-07,6.240282e-07,Z,0.00,6.240282e-07,4.41,0,0.00,0.0000,0
7552.00,7552.00,7616.00,7680.00,1.12,0.040400,-27.87,133.05,0.8638,1,0.000069,0.008311,0.020025,40,400.00,1.0000,0.0164,0.003809,0.004166,0.006255,0.00,0.00,130.57,2.352284e-07,3.477432e-07,2.739355e-06,Z,130.57,2.739355e-06,16.44,1,2.48,0.9530,1
7680.00,7680.00,7744.00,7808.00,1.62,0.022473,-32.97,130.46,0.9602,1,0.000065,0.008091,0.022288,40,400.00,1.0000,0.0159,0.003649,0.003738,0.006180,0.00,0.00,0.00,3.384547e-07,2.621744e-07,8.984774e-07,Z,0.00,8.984774e-07,8.58,0,0.00,0.0000,0
7808.00,7808.00,7872.00,7936.00,2.12,0.056275,-24.99,124.48,0.7598,1,0.000092,0.009596,0.008862,40,400.00,1.0000,0.0191,0.003763,0.003958,0.006927,0.00,0.00,98.24,2.698295e-07,3.176351e-07,1.432322e-06,Z,98.24,1.432322e-06,5.72,1,26.24,0.0046,0
7936.00,7936.00,8000.00,8064.00,0.12,0.062266,-24.11,122.57,0.6586,1,0.000075,0.008638,0.017775,40,400.00,1.0000,0.0171,0.003692,0.004360,0.006985,0.00,0.00,123.71,3.242257e-07,6.014125e-07,2.015357e-06,Z,123.71,2.015357e-06,11.13,1,1.14,0.9899,1
8064.00,8064.00,8128.00,8192.00,0.62,0.044696,-26.99,132.83,0.7982,1,0.000101,0.010026,0.011315,40,400.00,1.0000,0.0199,0.004057,0.005214,0.006822,0.00,0.00,0.00,2.518539e-07,6.167122e-07,7.612346e-07,Z,0.00,7.612346e-07,2.75,0,0.00,0.0000,0
8192.00,8192.00,8256.00,8320.00,1.12,0.049899,-26.04,125.48,0.9153,1,0.000087,0.009335,0.008189,40,400.00,1.0000,0.0186,0.004054,0.005600,0.007834,0.00,0.00,133.40,4.475629e-07,6.510342e-07,1.613163e-06,Z,133.40,1.613163e-06,4.71,1,7.93,0.6122,1
8320.00,8320.00,8384.00,8448.00,1.62,0.025832,-31.76,126.84,0.6536,1,0.000060,0.007767,0.018767,40,400.00,1.0000,0.0153,0.003765,0.004827,0.007189,0.00,0.00,0.00,2.487203e-07,5.315489e-07,6.802171e-07,Z,0.00,6.802171e-07,5.61,0,0.00,0.0000,0
8448.00,8448.00,8512.00,8576.00,2.12,0.025000,-32.04,117.12,0.8980,1,0.000084,0.009157,0.032889,40,400.00,1.0000,0.0179,0.004147,0.004460,0.006064,0.00,0.00,152.41,4.249207e-07,4.627316e-07,1.295531e-06,Z,152.41,1.295531e-06,6.71,1,35.29,0.0001,0
8576.00,8576.00,8640.00,8704.00,0.12,0.021028,-33.54,123.34,0.8646,1,0.000074,0.008601,0.010224,40,400.00,1.0000,0.0171,0.004613,0.004377,0.005894,0.00,0.00,100.89,3.296225e-07,4.568201e-07,1.234400e-06,Z,100.89,1.234400e-06,6.41,1,22.45,0.0195,0
8704.00,8704.00,8768.00,8832.00,0.62,0.008305,-41.61,123.09,0.7527,1,0.000052,0.007209,0.031257,40,400.00,1.0000,0.0141,0.004253,0.003804,0.005908,0.00,0.00,0.00,4.630041e-07,3.295381e-07,8.406022e-07,Z,0.00,8.406022e-07,4.90,0,0.00,0.0000,0
8832.00,8832.00,8896.00,8960.00,1.12,0.003084,-50.22,117.21,0.8908,1,0.000054,0.007381,0.022556,40,400.00,1.0000,0.0145,0.003968,0.003568,0.005777,0.00,0.00,124.39,4.475895e-07,2.595551e-07,1.141230e-06,Z,124.39,1.141230e-06,5.64,1,7.18,0.6686,1
8960.00,8960.00,9024.00,9088.00,1.62,0.000003,-111.96,0.00,0.0000,0,0.000063,0.007953,0.023023,40,400.00,1.0000,0.0157,0.004334,0.003784,0.005413,0.00,0.00,0.00,5.397109e-07,3.014174e-07,4.121601e-07,X,0.00,5.397109e-07,6.40,0,0.00,0.0000,0
9088.00,9088.00,9152.00,9216.00,2.12,0.000000,-120.00,0.00,0.0000,0,0.000184,0.013562,0.031428,40,400.00,1.0000,0.0266,0.005598,0.004446,0.007738,0.00,0.00,107.05,5.324156e-07,2.121822e-07,1.016727e-06,Z,107.05,1.016727e-06,5.20,1,0.00,0.0000,0
9216.00,9216.00,9280.00,9344.00,0.12,0.000001,-117.40,0.00,0.0000,0,0.000061,0.007809,0.012053,40,400.00,1.0000,0.0155,0.005622,0.004325,0.008034,0.00,0.00,0.00,3.164200e-07,4.757811e-07,9.331021e-07,Z,0.00,9.331021e-07,4.01,0,0.00,0.0000,0
9344.00,9344.00,9408.00,9472.00,0.62,0.000001,-120.00,0.00,0.0000,0,0.000053,0.007299,0.016454,40,400.00,1.0000,0.0144,0.004027,0.003724,0.005192,0.00,0.00,0.00,2.530744e-07,3.169660e-07,5.915061e-07,Z,0.00,5.915061e-07,5.59,0,0.00,0.0000,0
9472.00,9472.00,9536.00,9600.00,1.12,0.000000,-120.00,0.00,0.0000,0,0.000094,0.009684,0.013494,40,400.00,1.0000,0.0192,0.004572,0.004294,0.005503,0.00,0.00,0.00,4.383713e-07,7.470978e-07,5.116505e-07,Y,0.00,7.470978e-07,8.07,0,0.00,0.0000,0
9600.00,9600.00,9664.00,9728.00,1.62,0.000000,-120.00,0.00,0.0000,0,0.000063,0.007947,0.008532,40,400.00,1.0000,0.0158,0.005420,0.004300,0.005382,0.00,0.00,0.00,9.281972e-07,4.653929e-07,4.520976e-07,X,0.00,9.281972e-07,6.08,0,0.00,0.0000,0
9728.00,9728.00,9792.00,9856.00,2.12,0.000000,-120.00,0.00,0.0000,0,0.000062,0.007886,0.032902,40,400.00,1.0000,0.0154,0.004822,0.003970,0.005435,0.00,0.00,0.00,2.982642e-07,5.501964e-07,6.906607e-07,Z,0.00,6.906607e-07,3.54,0,0.00,0.0000,0
9856.00,9856.00,9920.00,9984.00,0.12,0.000000,-120.00,0.00,0.0000,0,0.000075,0.008646,0.023416,40,400.00,1.0000,0.0170,0.004600,0.004029,0.005899,0.00,0.00,160.80,7.104698e-07,3.720971e-07,1.397078e-06,Z,160.80,1.397078e-06,8.71,1,0.00,0.0000,0
9984.00,9984.00,10048.00,10112.00,0.62,0.000000,-120.00,0.00,0.0000,0,0.000049,0.007012,0.022711,40,400.00,1.0000,0.0138,0.003965,0.003944,0.005377,0.00,0.00,0.00,4.553915e-07,2.958311e-07,7.876334e-07,Z,0.00,7.876334e-07,7.03,0,0.00,0.0000,0
10112.00,10112.00,10176.00,10240.00,1.12,0.000000,-120.00,0.00,0.0000,0,0.000058,0.007642,0.011528,40,400.00,1.0000,0.0152,0.003631,0.003436,0.005143,0.00,0.00,0.00,2.830520e-07,1.295116e-07,7.370524e-07,Z,0.00,7.370524e-07,7.36,0,0.00,0.0000,0
10240.00,10240.00,10304.00,10368.00,1.62,0.000002,-113.42,0.00,0.0000,0,0.000066,0.008118,0.026586,40,400.00,1.0000,0.0159,0.003801,0.003657,0.005691,0.00,0.00,132.93,2.339957e-07,3.118772e-07,1.134420e-06,Z,132.93,1.134420e-06,6.67,1,0.00,0.0000,0
10368.00,10368.00,10432.00,10496.00,2.12,0.022120,-33.10,117.70,0.6826,1,0.000060,0.007721,0.022251,40,400.00,1.0000,0.0152,0.003795,0.004186,0.005652,0.00,0.00,0.00,4.020676e-07,5.177602e-07,6.874906e-07,Z,0.00,6.874906e-07,3.52,0,0.00,0.0000,0
10496.00,10496.00,10560.00,10624.00,0.12,0.017866,-34.96,88.11,0.6837,1,0.000072,0.008486,0.008822,40,400.00,1.0000,0.0169,0.004304,0.004377,0.005472,0.00,0.00,0.00,4.350395e-07,4.226244e-07,4.269275e-07,X,0.00,4.350395e-07,4.11,0,0.00,0.0000,0
10624.00,10624.00,10688.00,10752.00,0.62,0.015519,-36.18,88.02,0.7681,1,0.000053,0.007303,0.005373,40,400.00,1.0000,0.0146,0.004305,0.003773,0.005341,0.00,0.00,0.00,2.226582e-07,3.958692e-07,6.544126e-07,Z,0.00,6.544126e-07,2.95,0,0.00,0.0000,0
10752.00,10752.00,10816.00,10880.00,1.12,0.015555,-36.16,87.94,0.7976,1,0.000050,0.007065,0.009739,40,400.00,1.0000,0.0140,0.003675,0.003529,0.005533,0.00,0.00,0.00,2.113123e-07,3.002351e-07,7.131953e-07,Z,0.00,7.131953e-07,3.86,0,0.00,0.0000,0
10880.00,10880.00,10944.00,11008.00,1.62,0.013619,-37.32,87.91,0.7482,1,0.000096,0.009795,0.016674,40,400.00,1.0000,0.0194,0.004085,0.003542,0.006742,0.00,0.00,0.00,3.449865e-07,3.353437e-07,5.155721e-07,Z,0.00,5.155721e-07,4.61,0,0.00,0.0000,0
11008.00,11008.00,11072.00,11136.00,2.12,0.021844,-33.21,0.00,0.4793,0,0.000054,0.007357,0.025667,40,400.00,1.0000,0.0145,0.004400,0.003863,0.006140,0.00,0.00,87.58,6.575407e-07,3.595046e-07,1.017519e-06,Z,87.58,1.017519e-06,4.19,1,0.00,0.0000,0
11136.00,11136.00,11200.00,11264.00,0.12,0.127955,-17.86,164.37,0.7371,1,0.000101,0.010054,0.021710,40,400.00,1.0000,0.0198,0.004476,0.004237,0.006043,0.00,0.00,0.00,5.370167e-07,4.971139e-07,6.389643e-07,Z,0.00,6.389643e-07,8.76,0,0.00,0.0000,0
11264.00,11264.00,11328.00,11392.00,0.62,0.024403,-32.25,171.17,0.7785,1,0.000067,0.008189,0.016349,40,400.00,1.0000,0.0162,0.004189,0.004521,0.006792,0.00,0.00,156.41,2.032473e-07,7.690399e-07,1.094867e-06,Z,156.41,1.094867e-06,2.97,1,14.76,0.1823,0
11392.00,11392.00,11456.00,11520.00,1.12,0.044975,-26.94,135.27,0.8956,1,0.000103,0.010165,0.005684,40,400.00,1.0000,0.0203,0.004197,0.004685,0.007066,0.00,0.00,0.00,4.033775e-07,4.682020e-07,9.339032e-07,Z,0.00,9.339032e-07,4.51,0,0.00,0.0000,0
11520.00,11520.00,11584.00,11648.00,1.62,0.054389,-25.29,140.19,0.7739,1,0.000093,0.009641,0.019697,40,400.00,1.0000,0.0190,0.004590,0.004988,0.007114,0.00,0.00,134.30,4.230154e-07,5.119698e-07,3.091148e-06,Z,134.30,3.091148e-06,10.69,1,5.89,0.7626,1
11648.00,11648.00,11712.00,11776.00,2.12,0.016160,-35.83,138.91,0.9735,1,0.000080,0.008967,0.014820,40,400.00,1.0000,0.0178,0.003704,0.004683,0.006519,0.00,0.00,0.00,3.147126e-07,6.994663e-07,7.684809e-07,Z,0.00,7.684809e-07,4.24,0,0.00,0.0000,0
11776.00,11776.00,11840.00,11904.00,0.12,0.052849,-25.54,138.06,0.9546,1,0.000080,0.008924,0.018897,40,400.00,1.0000,0.0176,0.003634,0.004425,0.006407,0.00,0.00,136.25,3.319666e-07,4.490392e-07,1.434691e-06,Z,136.25,1.434691e-06,5.48,1,1.81,0.9748,1
11904.00,11904.00,11968.00,12032.00,0.62,0.090754,-20.84,125.68,0.5781,1,0.000235,0.015343,0.016588,40,400.00,1.0000,0.0303,0.006203,0.004512,0.009675,0.00,0.00,138.76,5.999915e-07,2.193034e-07,3.144943e-06,Z,138.76,3.144943e-06,8.12,1,13.09,0.2624,0
12032.00,12032.00,12096.00,12160.00,1.12,0.037761,-28.46,127.88,0.9256,1,0.000154,0.012400,0.019243,40,400.00,1.0000,0.0245,0.006340,0.004000,0.011373,0.00,0.00,124.18,6.367077e-07,3.285742e-07,1.239706e-06,Z,124.18,1.239706e-06,3.14,1,3.70,0.8985,1
12160.00,12160.00,12224.00,12288.00,1.62,0.062481,-24.09,128.04,0.7795,1,0.000067,0.008206,0.020486,40,400.00,1.0000,0.0162,0.004227,0.004116,0.008487,0.00,0.00,95.75,2.399319e-07,2.547134e-07,2.459941e-06,Z,95.75,2.459941e-06,8.18,1,32.29,0.0003,0
12288.00,12288.00,12352.00,12416.00,2.12,0.057032,-24.88,127.60,0.8944,1,0.000063,0.007947,0.018108,40,400.00,1.0000,0.0157,0.004165,0.004284,0.006167,0.00,0.00,126.05,7.810942e-07,3.398904e-07,1.375974e-06,Z,126.05,1.375974e-06,6.82,1,1.55,0.9814,1
12416.00,12416.00,12480.00,12544.00,0.12,0.052662,-25.57,127.28,0.5723,1,0.000097,0.009836,0.018304,40,400.00,1.0000,0.0194,0.003905,0.003967,0.007325,0.00,0.00,0.00,1.682560e-07,3.529184e-07,9.182180e-07,Z,0.00,9.182180e-07,4.03,0,0.00,0.0000,0
12544.00,12544.00,12608.00,12672.00,0.62,0.020645,-33.70,122.60,0.8065,1,0.000047,0.006822,0.018304,40,400.00,1.0000,0.0135,0.003320,0.003774,0.006831,0.00,0.00,127.49,1.754393e-07,6.681201e-07,1.186948e-06,Z,127.49,1.186948e-06,4.84,1,4.89,0.8294,1
12672.00,12672.00,12736.00,12800.00,1.12,0.031498,-30.03,126.18,0.8578,1,0.000071,0.008414,0.007969,40,400.00,1.0000,0.0167,0.003385,0.004017,0.005578,0.00,0.00,148.38,2.450856e-07,3.814188e-07,1.077199e-06,Z,148.38,1.077199e-06,6.76,1,22.20,0.0213,0
12800.00,12800.00,12864.00,12928.00,1.62,0.029184,-30.70,129.06,0.8781,1,0.000081,0.009002,0.010164,40,400.00,1.0000,0.0179,0.003416,0.004645,0.006505,0.00,0.00,115.90,2.474714e-07,3.365462e-07,1.215107e-06,Z,115.90,1.215107e-06,5.32,1,13.16,0.2585,0
12928.00,12928.00,12992.00,13056.00,2.12,0.005868,-44.63,115.37,0.6408,1,0.000212,0.014569,0.009519,40,400.00,1.0000,0.0290,0.005343,0.004793,0.009034,0.00,0.00,0.00,2.964667e-07,5.540955e-07,8.757166e-07,Z,0.00,8.757166e-07,3.05,0,0.00,0.0000,0
13056.00,13056.00,13120.00,13184.00,0.12,0.028437,-30.92,126.67,0.7238,1,0.000069,0.008317,0.023831,40,400.00,1.0000,0.0164,0.006042,0.005093,0.008784,0.00,0.00,85.43,1.173399e-06,6.445905e-07,1.938855e-06,Z,85.43,1.938855e-06,5.37,1,41.24,0.0000,0
13184.00,13184.00,13248.00,13312.00,0.62,0.030517,-30.31,127.94,0.6320,1,0.000118,0.010879,0.043687,40,400.00,1.0000,0.0211,0.005852,0.004638,0.005983,0.00,0.00,0.00,1.927514e-07,4.622517e-07,5.070386e-07,Z,0.00,5.070386e-07,4.30,0,0.00,0.0000,0
13312.00,13312.00,13376.00,13440.00,1.12,0.032232,-29.83,117.61,0.6531,1,0.001006,0.031725,0.016613,40,400.00,1.0000,0.0627,0.009645,0.006242,0.018278,87.85,0.00,83.06,1.529643e-06,9.844525e-07,6.843203e-06,Z,83.06,6.843203e-06,7.45,1,34.54,0.0001,0
13440.00,13440.00,13504.00,13568.00,1.62,0.000560,-65.03,0.00,0.0000,0,0.000136,0.011645,0.047828,40,400.00,1.0000,0.0225,0.009328,0.006260,0.018739,0.00,0.00,83.07,7.976997e-07,3.057643e-07,5.282464e-06,Z,83.07,5.282464e-06,9.44,1,0.00,0.0000,0
13568.00,13568.00,13632.00,13696.00,2.12,0.000000,-120.00,0.00,0.0000,0,0.000256,0.015990,0.087689,40,400.00,1.0000,0.0301,0.008441,0.006108,0.010658,84.07,0.00,112.06,1.950918e-06,4.507841e-07,4.564856e-06,Z,112.06,4.564856e-06,10.29,1,0.00,0.0000,0
13696.00,13696.00,13760.00,13824.00,0.12,0.000000,-120.00,0.00,0.0000,0,0.000192,0.013873,0.018749,40,400.00,1.0000,0.0274,0.006986,0.005810,0.012124,0.00,0.00,112.97,6.099500e-07,3.350527e-07,1.943967e-06,Z,112.97,1.943967e-06,4.82,1,0.00,0.0000,0
13824.00,13824.00,13888.00,13952.00,0.62,0.000000,-120.00,0.00,0.0000,0,0.000159,0.012605,0.034336,40,400.00,1.0000,0.0246,0.006084,0.004818,0.011680,0.00,0.00,0.00,6.924255e-07,2.238096e-07,1.674529e-06,Z,0.00,1.674529e-06,4.35,0,0.00,0.0000,0
13952.00,13952.00,14016.00,14080.00,1.12,0.055309,-25.14,151.05,0.8294,1,0.000365,0.019115,0.039455,40,400.00,1.0000,0.0372,0.009947,0.005067,0.011852,0.00,0.00,135.93,1.062927e-06,7.846321e-07,1.538978e-06,Z,135.93,1.538978e-06,6.11,1,15.13,0.1673,0
14080.00,14080.00,14144.00,14208.00,1.62,0.059710,-24.48,158.53,0.9667,1,0.000454,0.021316,0.047554,40,400.00,1.0000,0.0413,0.010846,0.006600,0.014772,0.00,0.00,120.29,1.913675e-06,4.079388e-07,5.966409e-06,Z,120.29,5.966409e-06,5.85,1,38.23,0.0000,0
14208.00,14208.00,14272.00,14336.00,2.12,0.015998,-35.92,138.47,0.8462,1,0.000148,0.012171,0.118695,40,400.00,1.0000,0.0224,0.007773,0.006422,0.013381,0.00,0.00,96.95,5.106697e-07,2.671438e-07,4.910570e-06,Z,96.95,4.910570e-06,9.41,1,41.52,0.0000,0
14336.00,14336.00,14400.00,14464.00,0.12,0.038401,-28.31,139.46,0.8309,1,0.000223,0.014949,0.058552,40,400.00,1.0000,0.0287,0.008745,0.005829,0.009771,0.00,0.00,141.79,2.438689e-07,3.334238e-07,1.502926e-06,Z,141.79,1.502926e-06,4.52,1,2.33,0.9585,1
14464.00,14464.00,14528.00,14592.00,0.62,0.006514,-43.72,134.97,0.7770,1,0.000096,0.009783,0.028667,40,400.00,1.0000,0.0192,0.009143,0.006162,0.010979,0.00,0.00,82.61,4.306606e-07,5.723434e-07,3.960942e-06,Z,82.61,3.960942e-06,5.26,1,52.36,0.0000,0
14592.00,14592.00,14656.00,14720.00,1.12,0.029507,-30.60,131.10,0.9043,1,0.000095,0.009747,0.075964,40,400.00,1.0000,0.0185,0.006496,0.004512,0.009497,0.00,0.00,82.50,2.718907e-07,2.644952e-07,1.145765e-06,Z,82.50,1.145765e-06,6.63,1,48.60,0.0000,0
14720.00,14720.00,14784.00,14848.00,1.62,0.015958,-35.94,140.65,0.8693,1,0.000094,0.009674,0.094534,40,400.00,1.0000,0.0181,0.005990,0.004326,0.006268,0.00,0.00,0.00,6.620064e-07,3.700699e-07,4.351894e-07,X,0.00,6.620064e-07,5.27,0,0.00,0.0000,0
14848.00,14848.00,14912.00,14976.00,2.12,0.046193,-26.71,125.63,0.8874,1,0.000077,0.008766,0.030807,40,400.00,1.0000,0.0172,0.005441,0.004311,0.006078,0.00,0.00,0.00,5.076816e-07,3.371242e-07,3.777039e-07,X,0.00,5.076816e-07,4.00,0,0.00,0.0000,0
14976.00,14976.00,15040.00,15104.00,0.12,0.014775,-36.61,135.25,0.8593,1,0.000094,0.009702,0.048105,40,400.00,1.0000,0.0188,0.004889,0.003505,0.007002,0.00,0.00,0.00,3.156193e-07,2.791991e-07,5.803786e-07,Z,0.00,5.803786e-07,3.33,0,0.00,0.0000,0
15104.00,15104.00,15168.00,15232.00,0.62,0.025642,-31.82,130.00,0.8339,1,0.000056,0.007481,0.015811,40,400.00,1.0000,0.0148,0.004594,0.003777,0.006147,0.00,0.00,0.00,3.884955e-07,2.329536e-07,8.426401e-07,Z,0.00,8.426401e-07,5.15,0,0.00,0.0000,0
15232.00,15232.00,15296.00,15360.00,1.12,0.029410,-30.63,124.30,0.6259,1,0.000067,0.008158,0.031732,40,400.00,1.0000,0.0160,0.004449,0.003930,0.005009,0.00,0.00,0.00,4.469386e-07,5.680207e-07,2.768843e-07,Y,0.00,5.680207e-07,5.60,0,0.00,0.0000,0
15360.00,15360.00,15424.00,15488.00,1.62,0.008498,-41.41,136.23,0.7284,1,0.000070,0.008387,0.052149,40,400.00,1.0000,0.0162,0.004851,0.003938,0.005839,0.00,0.00,0.00,6.670740e-07,3.728911e-07,6.614025e-07,X,0.00,6.670740e-07,4.89,0,0.00,0.0000,0
15488.00,15488.00,15552.00,15616.00,2.12,0.017184,-35.30,125.97,0.8099,1,0.000080,0.008917,0.030160,40,400.00,1.0000,0.0175,0.004572,0.004026,0.006102,0.00,0.00,0.00,2.276533e-07,3.196066e-07,8.571742e-07,Z,0.00,8.571742e-07,5.20,0,0.00,0.0000,0
15616.00,15616.00,15680.00,15744.00,0.12,0.015250,-36.33,124.12,0.7691,1,0.000093,0.009653,0.057544,40,400.00,1.0000,0.0186,0.004431,0.004309,0.006576,0.00,0.00,0.00,3.848243e-07,2.396341e-07,6.828640e-07,Z,0.00,6.828640e-07,3.84,0,0.00,0.0000,0
15744.00,15744.00,15808.00,15872.00,0.62,0.021103,-33.51,126.93,0.7621,1,0.000064,0.007977,0.010742,40,400.00,1.0000,0.0158,0.004336,0.004417,0.006058,0.00,0.00,0.00,3.997395e-07,2.593090e-07,9.827247e-07,Z,0.00,9.827247e-07,6.49,0,0.00,0.0000,0
15872.00,15872.00,15936.00,16000.00,1.12,0.008591,-41.32,117.28,0.8957,1,0.000052,0.007209,0.029736,40,400.00,1.0000,0.0141,0.003956,0.004107,0.005008,0.00,0.00,0.00,1.985254e-07,4.092593e-07,3.783894e-07,Y,0.00,4.092593e-07,5.19,0,0.00,0.0000,0
16000.00,16000.00,16064.00,16128.00,1.62,0.026137,-31.65,117.59,0.5159,1,0.000045,0.006709,0.015224,40,400.00,1.0000,0.0133,0.003752,0.003955,0.004342,0.00,0.00,0.00,1.658381e-07,3.679058e-07,3.586171e-07,Y,0.00,3.679058e-07,3.18,0,0.00,0.0000,0
16128.00,16128.00,16192.00,16256.00,2.12,0.002433,-52.28,106.30,0.8243,1,0.000068,0.008232,0.012231,40,400.00,1.0000,0.0163,0.003983,0.003913,0.005102,0.00,0.00,0.00,4.315542e-07,2.998894e-07,7.281247e-07,Z,0.00,7.281247e-07,5.28,0,0.00,0.0000,0
16256.00,16256.00,16320.00,16384.00,0.12,0.000000,-120.00,0.00,0.0000,0,0.000066,0.008108,0.031544,40,400.00,1.0000,0.0159,0.004115,0.003953,0.006072,0.00,0.00,0.00,2.702977e-07,2.490911e-07,7.517193e-07,Z,0.00,7.517193e-07,5.39,0,0.00,0.0000,0
16384.00,16384.00,16448.00,16512.00,0.62,0.000000,-120.00,0.00,0.0000,0,0.000075,0.008646,0.007367,40,400.00,1.0000,0.0172,0.004433,0.003823,0.006020,0.00,0.00,100.34,6.355256e-07,3.552739e-07,1.509636e-06,Z,100.34,1.509636e-06,8.81,1,0.00,0.0000,0
16512.00,16512.00,16576.00,16640.00,1.12,0.000000,-120.00,0.00,0.0000,0,0.000108,0.010399,0.017542,40,400.00,1.0000,0.0206,0.005172,0.004069,0.006369,0.00,0.00,0.00,3.982505e-07,3.922704e-07,4.185100e-07,Z,0.00,4.185100e-07,3.82,0,0.00,0.0000,0
16640.00,16640.00,16704.00,16768.00,1.62,0.000000,-120.00,0.00,0.0000,0,0.000111,0.010533,0.035684,40,400.00,1.0000,0.0206,0.005697,0.004669,0.007695,0.00,0.00,0.00,8.401420e-07,6.828215e-07,8.083545e-07,X,0.00,8.401420e-07,4.69,0,0.00,0.0000,0
16768.00,16768.00,16832.00,16896.00,2.12,0.000000,-120.00,0.00,0.0000,0,0.000103,0.010130,0.026003,40,400.00,1.0000,0.0199,0.005467,0.005158,0.009821,0.00,0.00,171.20,2.308773e-07,4.218173e-07,2.242893e-06,Z,171.20,2.242893e-06,3.46,1,0.00,0.0000,0
16896.00,16896.00,16960.00,17024.00,0.12,0.000000,-120.00,0.00,0.0000,0,0.000057,0.007522,0.026002,40,400.00,1.0000,0.0148,0.004686,0.004617,0.008087,0.00,0.00,0.00,2.953862e-07,5.311749e-07,3.888840e-07,Y,0.00,5.311749e-07,10.33,0,0.00,0.0000,0
17024.00,17024.00,17088.00,17152.00,0.62,0.000000,-120.00,0.00,0.0000,0,0.000056,0.007515,0.024762,40,400.00,1.0000,0.0148,0.004168,0.003741,0.004892,0.00,0.00,0.00,3.345824e-07,2.668173e-07,4.213026e-07,Z,0.00,4.213026e-07,4.02,0,0.00,0.0000,0
17152.00,17152.00,17216.00,17280.00,1.12,0.000000,-120.00,0.00,0.0000,0,0.000053,0.007253,0.009813,40,400.00,1.0000,0.0144,0.004011,0.004540,0.004601,0.00,0.00,0.00,2.524724e-07,5.230474e-07,3.495171e-07,Y,0.00,5.230474e-07,3.45,0,0.00,0.0000,0
17280.00,17280.00,17344.00,17408.00,1.62,0.000000,-120.00,0.00,0.0000,0,0.000062,0.007848,0.008818,40,400.00,1.0000,0.0156,0.003940,0.004523,0.004944,0.00,0.00,0.00,2.522302e-07,5.678412e-07,3.474897e-07,Y,0.00,5.678412e-07,6.38,0,0.00,0.0000,0
17408.00,17408.00,17472.00,17536.00,2.12,0.000000,-120.00,0.00,0.0000,0,0.000065,0.008040,0.013038,40,400.00,1.0000,0.0159,0.004241,0.004139,0.005087,0.00,0.00,0.00,2.832459e-07,7.150366e-07,4.800114e-07,Y,0.00,7.150366e-07,11.28,0,0.00,0.0000,0
17536.00,17536.00,17600.00,17664.00,0.12,0.000000,-120.00,0.00,0.0000,0,0.000065,0.008076,0.044435,40,400.00,1.0000,0.0157,0.004416,0.004697,0.005177,0.00,0.00,0.00,6.820279e-07,4.787682e-07,3.627911e-07,X,0.00,6.820279e-07,6.88,0,0.00,0.0000,0
17664.00,17664.00,17728.00,17792.00,0.62,0.000000,-120.00,0.00,0.0000,0,0.000071,0.008397,0.040824,40,400.00,1.0000,0.0163,0.004411,0.004216,0.005798,0.00,0.00,0.00,2.597835e-07,3.304749e-07,5.736026e-07,Z,0.00,5.736026e-07,5.32,0,0.00,0.0000,0
17792.00,17792.00,17856.00,17920.00,1.12,0.000000,-120.00,0.00,0.0000,0,0.000077,0.008778,0.018836,40,400.00,1.0000,0.0173,0.004521,0.003571,0.006260,0.00,0.00,105.94,2.247522e-07,2.989386e-07,1.310496e-06,Z,105.94,1.310496e-06,7.42,1,0.00,0.0000,0
17920.00,17920.00,17984.00,18048.00,1.62,0.000005,-105.36,0.00,0.0000,0,0.000058,0.007646,0.008473,40,400.00,1.0000,0.0152,0.004508,0.003843,0.005918,0.00,0.00,0.00,3.725086e-07,2.212240e-07,4.735507e-07,Z,0.00,4.735507e-07,2.64,0,0.00,0.0000,0
18048.00,18048.00,18112.00,18176.00,2.12,0.000000,-120.00,0.00,0.0000,0,0.000064,0.007983,0.002901,40,400.00,1.0000,0.0159,0.004162,0.003627,0.005567,0.00,0.00,0.00,2.903174e-07,2.410890e-07,4.908495e-07,Z,0.00,4.908495e-07,2.88,0,0.00,0.0000,0
18176.00,18176.00,18240.00,18304.00,0.12,0.000000,-120.00,0.00,0.0000,0,0.000041,0.006432,0.007411,40,400.00,1.0000,0.0128,0.004200,0.003194,0.005285,0.00,0.00,0.00,5.661448e-07,2.928981e-07,8.614161e-07,Z,0.00,8.614161e-07,6.22,0,0.00,0.0000,0
18304.00,18304.00,18368.00,18432.00,0.62,0.000000,-120.00,0.00,0.0000,0,0.000067,0.008157,0.027564,40,400.00,1.0000,0.0160,0.003525,0.003495,0.005425,0.00,0.00,0.00,1.621851e-07,2.568425e-07,4.005245e-07,Z,0.00,4.005245e-07,3.98,0,0.00,0.0000,0
18432.00,18432.00,18496.00,18560.00,1.12,0.001058,-59.51,0.00,0.0000,0,0.000058,0.007646,0.021740,40,400.00,1.0000,0.0151,0.003711,0.003834,0.005592,0.00,0.00,0.00,1.979440e-07,3.427443e-07,6.738143e-07,Z,0.00,6.738143e-07,5.08,0,0.00,0.0000,0
18560.00,18560.00,18624.00,18688.00,1.62,0.000037,-88.69,0.00,0.0000,0,0.000065,0.008038,0.013128,40,400.00,1.0000,0.0159,0.004502,0.004008,0.005171,0.00,0.00,0.00,3.873413e-07,2.256803e-07,3.167926e-07,X,0.00,3.873413e-07,3.90,0,0.00,0.0000,0
18688.00,18688.00,18752.00,18816.00,2.12,0.000019,-94.55,0.00,0.0000,0,0.000062,0.007853,0.011997,40,400.00,1.0000,0.0156,0.004193,0.004451,0.005393,0.00,0.00,0.00,2.812678e-07,4.613113e-07,5.252702e-07,Z,0.00,5.252702e-07,3.47,0,0.00,0.0000,0
18816.00,18816.00,18880.00,18944.00,0.12,0.000000,-120.00,0.00,0.0000,0,0.000058,0.007603,0.017951,40,400.00,1.0000,0.0150,0.004240,0.004513,0.004936,0.00,0.00,0.00,2.240802e-07,4.148379e-07,3.888005e-07,Y,0.00,4.148379e-07,4.20,0,0.00,0.0000,0
18944.00,18944.00,19008.00,19072.00,0.62,0.000000,-120.00,0.00,0.0000,0,0.000070,0.008389,0.032335,40,400.00,1.0000,0.0164,0.004298,0.004232,0.005441,0.00,0.00,0.00,3.259625e-07,5.081316e-07,5.648421e-07,Z,0.00,5.648421e-07,4.01,0,0.00,0.0000,0
19072.00,19072.00,19136.00,19200.00,1.12,0.000000,-120.00,0.00,0.0000,0,0.000059,0.007667,0.009464,40,400.00,1.0000,0.0152,0.003982,0.003995,0.005851,0.00,0.00,0.00,2.634079e-07,3.232224e-07,6.239070e-07,Z,0.00,6.239070e-07,3.37,0,0.00,0.0000,0
19200.00,19200.00,19264.00,19328.00,1.62,0.000000,-120.00,0.00,0.0000,0,0.000073,0.008534,0.017489,40,400.00,1.0000,0.0169,0.003768,0.004640,0.005536,0.00,0.00,0.00,1.924654e-07,5.019291e-07,6.287654e-07,Z,0.00,6.287654e-07,3.85,0,0.00,0.0000,0
19328.00,19328.00,19392.00,19456.00,2.12,0.000000,-120.00,0.00,0.0000,0,0.000053,0.007286,0.040341,40,400.00,1.0000,0.0142,0.004185,0.004641,0.005038,0.00,0.00,0.00,2.682512e-07,7.886547e-07,2.879911e-07,Y,0.00,7.886547e-07,6.63,0,0.00,0.0000,0
19456.00,19456.00,19520.00,19584.00,0.12,0.000000,-120.00,0.00,0.0000,0,0.000083,0.009134,0.009662,40,400.00,1.0000,0.0182,0.006533,0.004596,0.005659,87.06,0.00,0.00,1.593026e-06,6.214697e-07,6.349807e-07,X,87.06,1.593026e-06,4.75,1,0.00,0.0000,0
19584.00,19584.00,19648.00,19712.00,0.62,0.000000,-120.00,0.00,0.0000,0,0.000080,0.008970,0.009861,40,400.00,1.0000,0.0178,0.006378,0.005006,0.006580,0.00,0.00,0.00,3.275185e-07,4.279691e-07,7.709647e-07,Z,0.00,7.709647e-07,3.73,0,0.00,0.0000,0
19712.00,19712.00,19776.00,19840.00,1.12,0.000000,-120.00,0.00,0.0000,0,0.000066,0.008143,0.029388,40,400.00,1.0000,0.0160,0.004844,0.004406,0.005784,0.00,0.00,0.00,5.836399e-07,6.034344e-07,7.676354e-07,Z,0.00,7.676354e-07,5.74,0,0.00,0.0000,0
19840.00,19840.00,19904.00,19968.00,1.62,0.000000,-120.00,0.00,0.0000,0,0.000894,0.029904,0.038462,40,400.00,1.0000,0.0583,0.008248,0.004842,0.017440,0.00,0.00,0.00,2.850669e-07,1.596236e-07,3.761593e-07,Z,0.00,3.761593e-07,3.21,0,0.00,0.0000,0
19968.00,19968.00,20032.00,20096.00,2.12,0.000000,-120.00,0.00,0.0000,0,0.009930,0.099648,0.049280,40,400.00,1.0000,0.1927,0.037134,0.014913,0.053284,116.34,87.61,115.28,4.299849e-06,3.055076e-06,3.733312e-05,Z,115.28,3.733312e-05,4.55,1,0.00,0.0000,0
20096.00,20096.00,20160.00,20224.00,0.12,0.000000,-120.00,0.00,0.0000,0,0.001384,0.037201,0.136762,40,400.00,1.0000,0.0676,0.058365,0.019831,0.054831,86.37,82.39,83.44,9.131956e-05,6.705097e-06,4.955465e-05,X,86.37,9.131956e-05,3.30,1,0.00,0.0000,0
20224.00,20224.00,20288.00,20352.00,0.62,0.000000,-120.00,0.00,0.0000,0,0.003493,0.059102,0.216859,40,400.00,1.0000,0.1011,0.021034,0.009614,0.044986,86.15,107.95,91.08,6.703359e-06,1.437008e-06,2.097685e-05,Z,91.08,2.097685e-05,4.55,1,0.00,0.0000,0
20352.00,20352.00,20416.00,20480.00,1.12,0.000000,-120.00,0.00,0.0000,0,0.000149,0.012198,0.267680,40,400.00,1.0000,0.0200,0.010669,0.007167,0.041257,0.00,0.00,0.00,3.798978e-07,2.603923e-07,7.688638e-07,Z,0.00,7.688638e-07,4.18,0,0.00,0.0000,0
20480.00,20480.00,20544.00,20608.00,1.62,0.000000,-120.00,0.00,0.0000,0,0.000166,0.012880,0.116203,40,400.00,1.0000,0.0238,0.006825,0.006174,0.008543,0.00,0.00,0.00,3.386652e-07,5.028123e-07,5.643044e-07,Z,0.00,5.643044e-07,3.00,0,0.00,0.0000,0
20608.00,20608.00,20672.00,20736.00,2.12,0.000000,-120.00,0.00,0.0000,0,0.000161,0.012706,0.193267,40,400.00,1.0000,0.0221,0.006492,0.006962,0.008547,0.00,109.07,90.61,4.952217e-07,1.462914e-06,1.412398e-06,Y,109.07,1.462914e-06,8.81,1,0.00,0.0000,0
20736.00,20736.00,20800.00,20864.00,0.12,0.000000,-120.00,0.00,0.0000,0,0.000246,0.015674,0.131636,40,400.00,1.0000,0.0286,0.007010,0.008250,0.008991,0.00,0.00,0.00,1.688439e-07,6.257167e-07,6.932782e-07,Z,0.00,6.932782e-07,6.07,0,0.00,0.0000,0
20864.00,20864.00,20928.00,20992.00,0.62,0.000003,-109.62,0.00,0.0000,0,0.000404,0.020090,0.069374,40,400.00,1.0000,0.0383,0.008114,0.010045,0.011779,0.00,0.00,102.19,2.629990e-07,7.089119e-07,2.526546e-06,Z,102.19,2.526546e-06,5.34,1,0.00,0.0000,0
20992.00,20992.00,21056.00,21120.00,1.12,0.000000,-120.00,0.00,0.0000,0,0.000133,0.011522,0.080793,40,400.00,1.0000,0.0218,0.007143,0.008396,0.012174,0.00,85.06,0.00,3.370021e-07,1.072426e-06,9.257691e-07,Y,85.06,1.072426e-06,5.79,1,0.00,0.0000,0
21120.00,21120.00,21184.00,21248.00,1.62,0.000000,-120.00,0.00,0.0000,0,0.000125,0.011189,0.033098,40,400.00,1.0000,0.0219,0.005879,0.004491,0.009060,0.00,0.00,91.38,4.813642e-07,2.713848e-07,1.421453e-06,Z,91.38,1.421453e-06,4.68,1,0.00,0.0000,0
21248.00,21248.00,21312.00,21376.00,2.12,0.000000,-120.00,0.00,0.0000,0,0.000085,0.009212,0.023710,40,400.00,1.0000,0.0181,0.005764,0.004190,0.007490,0.00,0.00,94.00,6.675688e-07,1.580927e-07,1.481272e-06,Z,94.00,1.481272e-06,5.95,1,0.00,0.0000,0
21376.00,21376.00,21428.00,21480.00,1.12,0.000000,-120.00,0.00,0.0000,0,0.000098,0.009912,0.071409,40,400.00,1.0000,0.0189,0.006228,0.004241,0.007052,0.00,0.00,91.60,5.963247e-07,2.135741e-07,1.051800e-06,Z,91.60,1.051800e-06,7.18,1,0.00,0.0000,0
