window_index,audio_window_start_ms,audio_window_end_ms,fusion_confidence,model_reliable,backend_status,inference_latency_us,controller_state,target_gain,applied_gain_start,applied_gain_end,controller_reason,mic_energy_db,mic_pitch_reliable,phone_motion_level,sensor_reliability,sensor_alignment_lag_ms,pitch_agreement_score
0,0.00,128.00,0.0000,1,"NNAPI delegate initialized — physical NPU not independently verified",115,PRESERVE,1.0000,1.0000,1.0000,"Sensor guard: sensor reliability low (0.48)",-120.00,0,2.0332,0.4834,1.62,0.0000
1,128.00,256.00,0.0000,1,"NNAPI delegate initialized — physical NPU not independently verified",65,PAUSE_PENDING,1.0000,1.0000,1.0000,"Pause pending: window 1 of 3 required",-120.00,0,0.1633,1.0000,2.12,0.0000
2,256.00,384.00,0.0000,1,"NNAPI delegate initialized — physical NPU not independently verified",53,PRESERVE,1.0000,1.0000,1.0000,"Motion guard: excessive phone movement (0.60 m/s²)",-120.00,0,0.6007,1.0000,0.12,0.0000
3,384.00,512.00,0.0000,1,"NNAPI delegate initialized — physical NPU not independently verified",136,PAUSE_PENDING,1.0000,1.0000,1.0000,"Pause pending: window 1 of 3 required",-104.13,0,0.4965,1.0000,0.62,0.0000
4,512.00,640.00,0.0005,1,"NNAPI delegate initialized — physical NPU not independently verified",44,PAUSE_PENDING,1.0000,1.0000,1.0000,"Pause pending: window 2 of 3 required",-88.88,0,0.1937,1.0000,1.12,0.0000
5,640.00,768.00,0.2795,1,"NNAPI delegate initialized — physical NPU not independently verified",64,PRESERVE,1.0000,1.0000,1.0000,"Confidence uncertain (0.28 in [0.2, 0.7])",-63.77,0,0.2842,1.0000,1.62,0.0000
6,768.00,896.00,0.0316,1,"NNAPI delegate initialized — physical NPU not independently verified",69,PAUSE_PENDING,1.0000,1.0000,1.0000,"Pause pending: window 1 of 3 required",-59.46,0,0.3511,1.0000,2.12,0.0000
7,896.00,1024.00,0.0513,1,"NNAPI delegate initialized — physical NPU not independently verified",60,PAUSE_PENDING,1.0000,1.0000,1.0000,"Pause pending: window 2 of 3 required",-101.49,0,0.2268,1.0000,0.12,0.0000
8,1024.00,1152.00,0.0000,1,"NNAPI delegate initialized — physical NPU not independently verified",56,ATTENUATING,0.5000,1.0000,0.8400,"Confirmed sustained pause (3 consecutive windows, confidence 0.00)",-116.43,0,0.4269,1.0000,0.62,0.0000
9,1152.00,1280.00,0.0000,1,"NNAPI delegate initialized — physical NPU not independently verified",62,ATTENUATING,0.5000,0.8400,0.6800,"Confirmed sustained pause (4 consecutive windows, confidence 0.00)",-97.13,0,0.3276,1.0000,1.12,0.0000
10,1280.00,1408.00,0.0000,1,"NNAPI delegate initialized — physical NPU not independently verified",68,ATTENUATING,0.5000,0.6800,0.5200,"Confirmed sustained pause (5 consecutive windows, confidence 0.00)",-97.26,0,0.3347,1.0000,1.62,0.0000
11,1408.00,1536.00,0.0000,1,"NNAPI delegate initialized — physical NPU not independently verified",58,ATTENUATING,0.5000,0.5200,0.5000,"Confirmed sustained pause (6 consecutive windows, confidence 0.00)",-106.99,0,0.0590,1.0000,2.12,0.0000
12,1536.00,1664.00,0.0010,1,"NNAPI delegate initialized — physical NPU not independently verified",55,PRESERVE,1.0000,0.5000,1.0000,"Acoustic guard: audible speech detected in microphone",-43.46,0,0.1763,1.0000,0.12,0.0000
13,1664.00,1792.00,0.0040,1,"NNAPI delegate initialized — physical NPU not independently verified",64,PRESERVE,1.0000,1.0000,1.0000,"Acoustic guard: audible speech detected in microphone",-47.94,0,0.0551,1.0000,0.62,0.0000
14,1792.00,1920.00,0.0299,1,"NNAPI delegate initialized — physical NPU not independently verified",77,HANGOVER,1.0000,1.0000,1.0000,"Hangover active: protecting word ending (2 remaining)",-93.68,0,0.0468,1.0000,1.12,0.0000
15,1920.00,2048.00,0.0023,1,"NNAPI delegate initialized — physical NPU not independently verified",95,HANGOVER,1.0000,1.0000,1.0000,"Hangover active: protecting word ending (1 remaining)",-63.73,0,0.0223,1.0000,1.62,0.0000
16,2048.00,2176.00,0.8008,1,"NNAPI delegate initialized — physical NPU not independently verified",68,PRESERVE,1.0000,1.0000,1.0000,"Acoustic guard: audible speech detected in microphone",-49.44,0,0.0212,1.0000,2.12,0.0000
17,2176.00,2304.00,0.1713,1,"NNAPI delegate initialized — physical NPU not independently verified",35,PRESERVE,1.0000,1.0000,1.0000,"Acoustic guard: audible speech detected in microphone",-54.65,0,0.0090,1.0000,0.12,0.0000
18,2304.00,2432.00,0.0829,1,"NNAPI delegate initialized — physical NPU not independently verified",62,HANGOVER,1.0000,1.0000,1.0000,"Hangover active: protecting word ending (2 remaining)",-89.11,0,0.0105,1.0000,0.62,0.0000
19,2432.00,2560.00,0.0003,1,"NNAPI delegate initialized — physical NPU not independently verified",62,HANGOVER,1.0000,1.0000,1.0000,"Hangover active: protecting word ending (1 remaining)",-87.77,0,0.0098,1.0000,1.12,0.0000
20,2560.00,2688.00,0.0980,1,"NNAPI delegate initialized — physical NPU not independently verified",63,PAUSE_PENDING,1.0000,1.0000,1.0000,"Pause pending: window 1 of 3 required",-57.78,0,0.0127,1.0000,1.62,0.0000
21,2688.00,2816.00,0.8811,1,"NNAPI delegate initialized — physical NPU not independently verified",87,PRESERVE,1.0000,1.0000,1.0000,"Contact speech confirmed (confidence 0.88 >= 0.7)",-61.25,0,0.0158,1.0000,2.12,0.0000
22,2816.00,2944.00,0.0423,1,"NNAPI delegate initialized — physical NPU not independently verified",60,PRESERVE,1.0000,1.0000,1.0000,"Acoustic guard: audible speech detected in microphone",-51.63,1,0.0165,1.0000,0.12,0.0000
23,2944.00,3072.00,0.9477,1,"NNAPI delegate initialized — physical NPU not independently verified",56,PRESERVE,1.0000,1.0000,1.0000,"Acoustic guard: audible speech detected in microphone",-47.26,1,0.0071,1.0000,0.62,0.9129
24,3072.00,3200.00,0.9931,1,"NNAPI delegate initialized — physical NPU not independently verified",79,PRESERVE,1.0000,1.0000,1.0000,"Acoustic guard: audible speech detected in microphone",-46.71,1,0.0021,1.0000,1.12,0.0000
25,3200.00,3328.00,0.7146,1,"NNAPI delegate initialized — physical NPU not independently verified",62,PRESERVE,1.0000,1.0000,1.0000,"Acoustic guard: audible speech detected in microphone",-48.19,0,0.0081,1.0000,1.62,0.0000
26,3328.00,3456.00,0.3379,1,"NNAPI delegate initialized — physical NPU not independently verified",77,PRESERVE,1.0000,1.0000,1.0000,"Acoustic guard: audible speech detected in microphone",-47.31,1,0.0060,1.0000,2.12,0.0000
27,3456.00,3584.00,0.8165,1,"NNAPI delegate initialized — physical NPU not independently verified",65,PRESERVE,1.0000,1.0000,1.0000,"Acoustic guard: audible speech detected in microphone",-45.27,1,0.0071,1.0000,0.12,0.0000
28,3584.00,3712.00,0.4567,1,"NNAPI delegate initialized — physical NPU not independently verified",61,PRESERVE,1.0000,1.0000,1.0000,"Acoustic guard: audible speech detected in microphone",-52.63,0,0.0160,1.0000,0.62,0.0000
29,3712.00,3840.00,0.2095,1,"NNAPI delegate initialized — physical NPU not independently verified",84,PRESERVE,1.0000,1.0000,1.0000,"Acoustic guard: audible speech detected in microphone",-53.03,0,0.0163,1.0000,1.12,0.0000
30,3840.00,3968.00,0.0257,1,"NNAPI delegate initialized — physical NPU not independently verified",70,HANGOVER,1.0000,1.0000,1.0000,"Hangover active: protecting word ending (2 remaining)",-85.42,0,0.0049,1.0000,1.62,0.0000
31,3968.00,4096.00,0.6758,1,"NNAPI delegate initialized — physical NPU not independently verified",64,PRESERVE,1.0000,1.0000,1.0000,"Acoustic guard: audible speech detected in microphone",-31.04,0,0.0193,1.0000,2.12,0.0000
32,4096.00,4224.00,0.5248,1,"NNAPI delegate initialized — physical NPU not independently verified",65,PRESERVE,1.0000,1.0000,1.0000,"Acoustic guard: audible speech detected in microphone",-19.44,1,0.0235,1.0000,0.12,0.0000
33,4224.00,4352.00,0.4984,1,"NNAPI delegate initialized — physical NPU not independently verified",69,PRESERVE,1.0000,1.0000,1.0000,"Acoustic guard: audible speech detected in microphone",-33.89,1,0.0119,1.0000,0.62,0.0000
34,4352.00,4480.00,0.9518,1,"NNAPI delegate initialized — physical NPU not independently verified",79,PRESERVE,1.0000,1.0000,1.0000,"Acoustic guard: audible speech detected in microphone",-24.79,1,0.0102,1.0000,1.12,0.9760
35,4480.00,4608.00,0.9888,1,"NNAPI delegate initialized — physical NPU not independently verified",83,PRESERVE,1.0000,1.0000,1.0000,"Acoustic guard: audible speech detected in microphone",-35.43,1,0.0117,1.0000,1.62,0.8829
36,4608.00,4736.00,0.8851,1,"NNAPI delegate initialized — physical NPU not independently verified",59,PRESERVE,1.0000,1.0000,1.0000,"Acoustic guard: audible speech detected in microphone",-27.49,1,0.0208,1.0000,2.12,0.0000
37,4736.00,4864.00,0.9935,1,"NNAPI delegate initialized — physical NPU not independently verified",77,PRESERVE,1.0000,1.0000,1.0000,"Acoustic guard: audible speech detected in microphone",-23.17,1,0.0362,1.0000,0.12,0.1514
38,4864.00,4992.00,0.3334,1,"NNAPI delegate initialized — physical NPU not independently verified",59,PRESERVE,1.0000,1.0000,1.0000,"Acoustic guard: audible speech detected in microphone",-25.65,1,0.0179,1.0000,0.62,0.0000
39,4992.00,5120.00,0.7040,1,"NNAPI delegate initialized — physical NPU not independently verified",65,PRESERVE,1.0000,1.0000,1.0000,"Acoustic guard: audible speech detected in microphone",-25.97,1,0.0185,1.0000,1.12,0.0000
40,5120.00,5248.00,0.8661,1,"NNAPI delegate initialized — physical NPU not independently verified",60,PRESERVE,1.0000,1.0000,1.0000,"Acoustic guard: audible speech detected in microphone",-26.64,1,0.0155,1.0000,1.62,0.9661
41,5248.00,5376.00,0.9675,1,"NNAPI delegate initialized — physical NPU not independently verified",82,PRESERVE,1.0000,1.0000,1.0000,"Acoustic guard: audible speech detected in microphone",-26.53,1,0.0193,1.0000,2.12,0.0000
42,5376.00,5504.00,0.9538,1,"NNAPI delegate initialized — physical NPU not independently verified",69,PRESERVE,1.0000,1.0000,1.0000,"Acoustic guard: audible speech detected in microphone",-26.19,1,0.0230,1.0000,0.12,0.0000
43,5504.00,5632.00,0.8887,1,"NNAPI delegate initialized — physical NPU not independently verified",65,PRESERVE,1.0000,1.0000,1.0000,"Acoustic guard: audible speech detected in microphone",-39.59,1,0.0236,1.0000,0.62,0.8678
44,5632.00,5760.00,0.9509,1,"NNAPI delegate initialized — physical NPU not independently verified",57,PRESERVE,1.0000,1.0000,1.0000,"Acoustic guard: audible speech detected in microphone",-31.71,1,0.0469,1.0000,1.12,0.0000
45,5760.00,5888.00,0.9150,1,"NNAPI delegate initialized — physical NPU not independently verified",80,PRESERVE,1.0000,1.0000,1.0000,"Acoustic guard: audible speech detected in microphone",-30.44,1,0.0231,1.0000,1.62,0.9579
46,5888.00,6016.00,0.9657,1,"NNAPI delegate initialized — physical NPU not independently verified",99,PRESERVE,1.0000,1.0000,1.0000,"Acoustic guard: audible speech detected in microphone",-30.07,1,0.0093,1.0000,2.12,0.0000
47,6016.00,6144.00,0.4561,1,"NNAPI delegate initialized — physical NPU not independently verified",60,PRESERVE,1.0000,1.0000,1.0000,"Confidence uncertain (0.46 in [0.2, 0.7])",-58.49,0,0.0247,1.0000,0.12,0.0000
48,6144.00,6272.00,0.4353,1,"NNAPI delegate initialized — physical NPU not independently verified",83,PRESERVE,1.0000,1.0000,1.0000,"Acoustic guard: audible speech detected in microphone",-27.89,1,0.0179,1.0000,0.62,0.0082
49,6272.00,6400.00,0.9160,1,"NNAPI delegate initialized — physical NPU not independently verified",57,PRESERVE,1.0000,1.0000,1.0000,"Acoustic guard: audible speech detected in microphone",-31.04,0,0.0409,1.0000,1.12,0.0000
50,6400.00,6528.00,0.9978,1,"NNAPI delegate initialized — physical NPU not independently verified",60,PRESERVE,1.0000,1.0000,1.0000,"Acoustic guard: audible speech detected in microphone",-31.15,1,0.0477,1.0000,1.62,0.8552
51,6528.00,6656.00,0.9706,1,"NNAPI delegate initialized — physical NPU not independently verified",89,PRESERVE,1.0000,1.0000,1.0000,"Contact speech confirmed (confidence 0.97 >= 0.7)",-67.08,0,0.0270,1.0000,2.12,0.0000
52,6656.00,6784.00,0.0000,1,"NNAPI delegate initialized — physical NPU not independently verified",56,HANGOVER,1.0000,1.0000,1.0000,"Hangover active: protecting word ending (2 remaining)",-116.43,0,0.0456,1.0000,0.12,0.0000
53,6784.00,6912.00,0.0000,1,"NNAPI delegate initialized — physical NPU not independently verified",63,HANGOVER,1.0000,1.0000,1.0000,"Hangover active: protecting word ending (1 remaining)",-90.54,0,0.0193,1.0000,0.62,0.0000
54,6912.00,7040.00,0.0000,1,"NNAPI delegate initialized — physical NPU not independently verified",57,PAUSE_PENDING,1.0000,1.0000,1.0000,"Pause pending: window 1 of 3 required",-120.00,0,0.0142,1.0000,1.12,0.0000
55,7040.00,7168.00,0.0269,1,"NNAPI delegate initialized — physical NPU not independently verified",87,PRESERVE,1.0000,1.0000,1.0000,"Acoustic guard: audible speech detected in microphone",-34.04,1,0.0234,1.0000,1.62,0.0000
56,7168.00,7296.00,0.1888,1,"NNAPI delegate initialized — physical NPU not independently verified",83,PRESERVE,1.0000,1.0000,1.0000,"Acoustic guard: audible speech detected in microphone",-20.91,1,0.0370,1.0000,2.12,0.0000
57,7296.00,7424.00,0.9767,1,"NNAPI delegate initialized — physical NPU not independently verified",61,PRESERVE,1.0000,1.0000,1.0000,"Acoustic guard: audible speech detected in microphone",-43.52,0,0.0172,1.0000,0.12,0.0000
58,7424.00,7552.00,0.3933,1,"NNAPI delegate initialized — physical NPU not independently verified",67,PRESERVE,1.0000,1.0000,1.0000,"Acoustic guard: audible speech detected in microphone",-28.58,1,0.0149,1.0000,0.62,0.0000
59,7552.00,7680.00,0.9920,1,"NNAPI delegate initialized — physical NPU not independently verified",77,PRESERVE,1.0000,1.0000,1.0000,"Acoustic guard: audible speech detected in microphone",-27.87,1,0.0200,1.0000,1.12,0.9530
60,7680.00,7808.00,0.9823,1,"NNAPI delegate initialized — physical NPU not independently verified",58,PRESERVE,1.0000,1.0000,1.0000,"Acoustic guard: audible speech detected in microphone",-32.97,1,0.0223,1.0000,1.62,0.0000
61,7808.00,7936.00,0.8087,1,"NNAPI delegate initialized — physical NPU not independently verified",61,PRESERVE,1.0000,1.0000,1.0000,"Acoustic guard: audible speech detected in microphone",-24.99,1,0.0089,1.0000,2.12,0.0046
62,7936.00,8064.00,0.9725,1,"NNAPI delegate initialized — physical NPU not independently verified",82,PRESERVE,1.0000,1.0000,1.0000,"Acoustic guard: audible speech detected in microphone",-24.11,1,0.0178,1.0000,0.12,0.9899
63,8064.00,8192.00,0.9859,1,"NNAPI delegate initialized — physical NPU not independently verified",63,PRESERVE,1.0000,1.0000,1.0000,"Acoustic guard: audible speech detected in microphone",-26.99,1,0.0113,1.0000,0.62,0.0000
64,8192.00,8320.00,0.8942,1,"NNAPI delegate initialized — physical NPU not independently verified",64,PRESERVE,1.0000,1.0000,1.0000,"Acoustic guard: audible speech detected in microphone",-26.04,1,0.0082,1.0000,1.12,0.6122
65,8320.00,8448.00,0.9588,1,"NNAPI delegate initialized — physical NPU not independently verified",58,PRESERVE,1.0000,1.0000,1.0000,"Acoustic guard: audible speech detected in microphone",-31.76,1,0.0188,1.0000,1.62,0.0000
66,8448.00,8576.00,0.6272,1,"NNAPI delegate initialized — physical NPU not independently verified",59,PRESERVE,1.0000,1.0000,1.0000,"Acoustic guard: audible speech detected in microphone",-32.04,1,0.0329,1.0000,2.12,0.0001
67,8576.00,8704.00,0.8103,1,"NNAPI delegate initialized — physical NPU not independently verified",63,PRESERVE,1.0000,1.0000,1.0000,"Acoustic guard: audible speech detected in microphone",-33.54,1,0.0102,1.0000,0.12,0.0195
68,8704.00,8832.00,0.6517,1,"NNAPI delegate initialized — physical NPU not independently verified",56,PRESERVE,1.0000,1.0000,1.0000,"Acoustic guard: audible speech detected in microphone",-41.61,1,0.0313,1.0000,0.62,0.0000
69,8832.00,8960.00,0.6886,1,"NNAPI delegate initialized — physical NPU not independently verified",58,PRESERVE,1.0000,1.0000,1.0000,"Acoustic guard: audible speech detected in microphone",-50.22,1,0.0226,1.0000,1.12,0.6686
70,8960.00,9088.00,0.0333,1,"NNAPI delegate initialized — physical NPU not independently verified",96,HANGOVER,1.0000,1.0000,1.0000,"Hangover active: protecting word ending (2 remaining)",-111.96,0,0.0230,1.0000,1.62,0.0000
71,9088.00,9216.00,0.0000,1,"NNAPI delegate initialized — physical NPU not independently verified",121,HANGOVER,1.0000,1.0000,1.0000,"Hangover active: protecting word ending (1 remaining)",-120.00,0,0.0314,1.0000,2.12,0.0000
72,9216.00,9344.00,0.0000,1,"NNAPI delegate initialized — physical NPU not independently verified",57,PAUSE_PENDING,1.0000,1.0000,1.0000,"Pause pending: window 1 of 3 required",-117.40,0,0.0121,1.0000,0.12,0.0000
73,9344.00,9472.00,0.0000,1,"NNAPI delegate initialized — physical NPU not independently verified",102,PAUSE_PENDING,1.0000,1.0000,1.0000,"Pause pending: window 2 of 3 required",-120.00,0,0.0165,1.0000,0.62,0.0000
74,9472.00,9600.00,0.0000,1,"NNAPI delegate initialized — physical NPU not independently verified",56,ATTENUATING,0.5000,1.0000,0.8400,"Confirmed sustained pause (3 consecutive windows, confidence 0.00)",-120.00,0,0.0135,1.0000,1.12,0.0000
75,9600.00,9728.00,0.0000,1,"NNAPI delegate initialized — physical NPU not independently verified",133,ATTENUATING,0.5000,0.8400,0.6800,"Confirmed sustained pause (4 consecutive windows, confidence 0.00)",-120.00,0,0.0085,1.0000,1.62,0.0000
76,9728.00,9856.00,0.0000,1,"NNAPI delegate initialized — physical NPU not independently verified",150,ATTENUATING,0.5000,0.6800,0.5200,"Confirmed sustained pause (5 consecutive windows, confidence 0.00)",-120.00,0,0.0329,1.0000,2.12,0.0000
77,9856.00,9984.00,0.0000,1,"NNAPI delegate initialized — physical NPU not independently verified",50,ATTENUATING,0.5000,0.5200,0.5000,"Confirmed sustained pause (6 consecutive windows, confidence 0.00)",-120.00,0,0.0234,1.0000,0.12,0.0000
78,9984.00,10112.00,0.0000,1,"NNAPI delegate initialized — physical NPU not independently verified",68,ATTENUATING,0.5000,0.5000,0.5000,"Confirmed sustained pause (7 consecutive windows, confidence 0.00)",-120.00,0,0.0227,1.0000,0.62,0.0000
79,10112.00,10240.00,0.0000,1,"NNAPI delegate initialized — physical NPU not independently verified",120,ATTENUATING,0.5000,0.5000,0.5000,"Confirmed sustained pause (8 consecutive windows, confidence 0.00)",-120.00,0,0.0115,1.0000,1.12,0.0000
80,10240.00,10368.00,0.0000,1,"NNAPI delegate initialized — physical NPU not independently verified",116,ATTENUATING,0.5000,0.5000,0.5000,"Confirmed sustained pause (9 consecutive windows, confidence 0.00)",-113.42,0,0.0266,1.0000,1.62,0.0000
81,10368.00,10496.00,0.0197,1,"NNAPI delegate initialized — physical NPU not independently verified",60,PRESERVE,1.0000,0.5000,1.0000,"Acoustic guard: audible speech detected in microphone",-33.10,1,0.0223,1.0000,2.12,0.0000
82,10496.00,10624.00,0.3853,1,"NNAPI delegate initialized — physical NPU not independently verified",58,PRESERVE,1.0000,1.0000,1.0000,"Acoustic guard: audible speech detected in microphone",-34.96,1,0.0088,1.0000,0.12,0.0000
83,10624.00,10752.00,0.8927,1,"NNAPI delegate initialized — physical NPU not independently verified",94,PRESERVE,1.0000,1.0000,1.0000,"Acoustic guard: audible speech detected in microphone",-36.18,1,0.0054,1.0000,0.62,0.0000
84,10752.00,10880.00,0.9350,1,"NNAPI delegate initialized — physical NPU not independently verified",63,PRESERVE,1.0000,1.0000,1.0000,"Acoustic guard: audible speech detected in microphone",-36.16,1,0.0097,1.0000,1.12,0.0000
85,10880.00,11008.00,0.7909,1,"NNAPI delegate initialized — physical NPU not independently verified",67,PRESERVE,1.0000,1.0000,1.0000,"Acoustic guard: audible speech detected in microphone",-37.32,1,0.0167,1.0000,1.62,0.0000
86,11008.00,11136.00,0.4428,1,"NNAPI delegate initialized — physical NPU not independently verified",60,PRESERVE,1.0000,1.0000,1.0000,"Acoustic guard: audible speech detected in microphone",-33.21,0,0.0257,1.0000,2.12,0.0000
87,11136.00,11264.00,0.5253,1,"NNAPI delegate initialized — physical NPU not independently verified",72,PRESERVE,1.0000,1.0000,1.0000,"Acoustic guard: audible speech detected in microphone",-17.86,1,0.0217,1.0000,0.12,0.0000
88,11264.00,11392.00,0.4563,1,"NNAPI delegate initialized — physical NPU not independently verified",63,PRESERVE,1.0000,1.0000,1.0000,"Acoustic guard: audible speech detected in microphone",-32.25,1,0.0163,1.0000,0.62,0.1823
89,11392.00,11520.00,0.9404,1,"NNAPI delegate initialized — physical NPU not independently verified",61,PRESERVE,1.0000,1.0000,1.0000,"Acoustic guard: audible speech detected in microphone",-26.94,1,0.0057,1.0000,1.12,0.0000
90,11520.00,11648.00,0.9827,1,"NNAPI delegate initialized — physical NPU not independently verified",69,PRESERVE,1.0000,1.0000,1.0000,"Acoustic guard: audible speech detected in microphone",-25.29,1,0.0197,1.0000,1.62,0.7626
91,11648.00,11776.00,0.8974,1,"NNAPI delegate initialized — physical NPU not independently verified",79,PRESERVE,1.0000,1.0000,1.0000,"Acoustic guard: audible speech detected in microphone",-35.83,1,0.0148,1.0000,2.12,0.0000
92,11776.00,11904.00,0.9817,1,"NNAPI delegate initialized — physical NPU not independently verified",62,PRESERVE,1.0000,1.0000,1.0000,"Acoustic guard: audible speech detected in microphone",-25.54,1,0.0189,1.0000,0.12,0.9748
93,11904.00,12032.00,0.9978,1,"NNAPI delegate initialized — physical NPU not independently verified",68,PRESERVE,1.0000,1.0000,1.0000,"Acoustic guard: audible speech detected in microphone",-20.84,1,0.0166,1.0000,0.62,0.2624
94,12032.00,12160.00,0.7345,1,"NNAPI delegate initialized — physical NPU not independently verified",62,PRESERVE,1.0000,1.0000,1.0000,"Acoustic guard: audible speech detected in microphone",-28.46,1,0.0192,1.0000,1.12,0.8985
95,12160.00,12288.00,0.9916,1,"NNAPI delegate initialized — physical NPU not independently verified",77,PRESERVE,1.0000,1.0000,1.0000,"Acoustic guard: audible speech detected in microphone",-24.09,1,0.0205,1.0000,1.62,0.0003
96,12288.00,12416.00,0.8471,1,"NNAPI delegate initialized — physical NPU not independently verified",76,PRESERVE,1.0000,1.0000,1.0000,"Acoustic guard: audible speech detected in microphone",-24.88,1,0.0181,1.0000,2.12,0.9814
97,12416.00,12544.00,0.9875,1,"NNAPI delegate initialized — physical NPU not independently verified",61,PRESERVE,1.0000,1.0000,1.0000,"Acoustic guard: audible speech detected in microphone",-25.57,1,0.0183,1.0000,0.12,0.0000
98,12544.00,12672.00,0.9096,1,"NNAPI delegate initialized — physical NPU not independently verified",77,PRESERVE,1.0000,1.0000,1.0000,"Acoustic guard: audible speech detected in microphone",-33.70,1,0.0183,1.0000,0.62,0.8294
99,12672.00,12800.00,0.9686,1,"NNAPI delegate initialized — physical NPU not independently verified",80,PRESERVE,1.0000,1.0000,1.0000,"Acoustic guard: audible speech detected in microphone",-30.03,1,0.0080,1.0000,1.12,0.0213
100,12800.00,12928.00,0.9567,1,"NNAPI delegate initialized — physical NPU not independently verified",68,PRESERVE,1.0000,1.0000,1.0000,"Acoustic guard: audible speech detected in microphone",-30.70,1,0.0102,1.0000,1.62,0.2585
101,12928.00,13056.00,0.8706,1,"NNAPI delegate initialized — physical NPU not independently verified",63,PRESERVE,1.0000,1.0000,1.0000,"Acoustic guard: audible speech detected in microphone",-44.63,1,0.0095,1.0000,2.12,0.0000
102,13056.00,13184.00,0.9882,1,"NNAPI delegate initialized — physical NPU not independently verified",72,PRESERVE,1.0000,1.0000,1.0000,"Acoustic guard: audible speech detected in microphone",-30.92,1,0.0238,1.0000,0.12,0.0000
103,13184.00,13312.00,0.0830,1,"NNAPI delegate initialized — physical NPU not independently verified",67,PRESERVE,1.0000,1.0000,1.0000,"Acoustic guard: audible speech detected in microphone",-30.31,1,0.0437,1.0000,0.62,0.0000
104,13312.00,13440.00,0.9999,1,"NNAPI delegate initialized — physical NPU not independently verified",98,PRESERVE,1.0000,1.0000,1.0000,"Acoustic guard: audible speech detected in microphone",-29.83,1,0.0166,1.0000,1.12,0.0001
105,13440.00,13568.00,0.9666,1,"NNAPI delegate initialized — physical NPU not independently verified",140,PRESERVE,1.0000,1.0000,1.0000,"Contact speech confirmed (confidence 0.97 >= 0.7)",-65.03,0,0.0478,1.0000,1.62,0.0000
106,13568.00,13696.00,0.0784,1,"NNAPI delegate initialized — physical NPU not independently verified",155,HANGOVER,1.0000,1.0000,1.0000,"Hangover active: protecting word ending (2 remaining)",-120.00,0,0.0877,1.0000,2.12,0.0000
107,13696.00,13824.00,0.0000,1,"NNAPI delegate initialized — physical NPU not independently verified",95,HANGOVER,1.0000,1.0000,1.0000,"Hangover active: protecting word ending (1 remaining)",-120.00,0,0.0187,1.0000,0.12,0.0000
108,13824.00,13952.00,0.0000,1,"NNAPI delegate initialized — physical NPU not independently verified",159,PAUSE_PENDING,1.0000,1.0000,1.0000,"Pause pending: window 1 of 3 required",-120.00,0,0.0343,1.0000,0.62,0.0000
109,13952.00,14080.00,0.3639,1,"NNAPI delegate initialized — physical NPU not independently verified",72,PRESERVE,1.0000,1.0000,1.0000,"Acoustic guard: audible speech detected in microphone",-25.14,1,0.0395,1.0000,1.12,0.1673
110,14080.00,14208.00,0.9951,1,"NNAPI delegate initialized — physical NPU not independently verified",75,PRESERVE,1.0000,1.0000,1.0000,"Acoustic guard: audible speech detected in microphone",-24.48,1,0.0476,1.0000,1.62,0.0000
111,14208.00,14336.00,0.7745,1,"NNAPI delegate initialized — physical NPU not independently verified",67,PRESERVE,1.0000,1.0000,1.0000,"Acoustic guard: audible speech detected in microphone",-35.92,1,0.1187,1.0000,2.12,0.0000
112,14336.00,14464.00,0.9130,1,"NNAPI delegate initialized — physical NPU not independently verified",68,PRESERVE,1.0000,1.0000,1.0000,"Acoustic guard: audible speech detected in microphone",-28.31,1,0.0586,1.0000,0.12,0.9585
113,14464.00,14592.00,0.9957,1,"NNAPI delegate initialized — physical NPU not independently verified",120,PRESERVE,1.0000,1.0000,1.0000,"Acoustic guard: audible speech detected in microphone",-43.72,1,0.0287,1.0000,0.62,0.0000
114,14592.00,14720.00,0.0885,1,"NNAPI delegate initialized — physical NPU not independently verified",101,PRESERVE,1.0000,1.0000,1.0000,"Acoustic guard: audible speech detected in microphone",-30.60,1,0.0760,1.0000,1.12,0.0000
115,14720.00,14848.00,0.0076,1,"NNAPI delegate initialized — physical NPU not independently verified",141,PRESERVE,1.0000,1.0000,1.0000,"Acoustic guard: audible speech detected in microphone",-35.94,1,0.0945,1.0000,1.62,0.0000
116,14848.00,14976.00,0.0104,1,"NNAPI delegate initialized — physical NPU not independently verified",68,PRESERVE,1.0000,1.0000,1.0000,"Acoustic guard: audible speech detected in microphone",-26.71,1,0.0308,1.0000,2.12,0.0000
117,14976.00,15104.00,0.0305,1,"NNAPI delegate initialized — physical NPU not independently verified",85,PRESERVE,1.0000,1.0000,1.0000,"Acoustic guard: audible speech detected in microphone",-36.61,1,0.0481,1.0000,0.12,0.0000
118,15104.00,15232.00,0.1177,1,"NNAPI delegate initialized — physical NPU not independently verified",98,PRESERVE,1.0000,1.0000,1.0000,"Acoustic guard: audible speech detected in microphone",-31.82,1,0.0158,1.0000,0.62,0.0000
119,15232.00,15360.00,0.2761,1,"NNAPI delegate initialized — physical NPU not independently verified",93,PRESERVE,1.0000,1.0000,1.0000,"Acoustic guard: audible speech detected in microphone",-30.63,1,0.0317,1.0000,1.12,0.0000
120,15360.00,15488.00,0.0856,1,"NNAPI delegate initialized — physical NPU not independently verified",89,PRESERVE,1.0000,1.0000,1.0000,"Acoustic guard: audible speech detected in microphone",-41.41,1,0.0521,1.0000,1.62,0.0000
121,15488.00,15616.00,0.1035,1,"NNAPI delegate initialized — physical NPU not independently verified",85,PRESERVE,1.0000,1.0000,1.0000,"Acoustic guard: audible speech detected in microphone",-35.30,1,0.0302,1.0000,2.12,0.0000
122,15616.00,15744.00,0.0207,1,"NNAPI delegate initialized — physical NPU not independently verified",126,PRESERVE,1.0000,1.0000,1.0000,"Acoustic guard: audible speech detected in microphone",-36.33,1,0.0575,1.0000,0.12,0.0000
123,15744.00,15872.00,0.1206,1,"NNAPI delegate initialized — physical NPU not independently verified",68,PRESERVE,1.0000,1.0000,1.0000,"Acoustic guard: audible speech detected in microphone",-33.51,1,0.0107,1.0000,0.62,0.0000
124,15872.00,16000.00,0.3290,1,"NNAPI delegate initialized — physical NPU not independently verified",70,PRESERVE,1.0000,1.0000,1.0000,"Acoustic guard: audible speech detected in microphone",-41.32,1,0.0297,1.0000,1.12,0.0000
125,16000.00,16128.00,0.0594,1,"NNAPI delegate initialized — physical NPU not independently verified",74,PRESERVE,1.0000,1.0000,1.0000,"Acoustic guard: audible speech detected in microphone",-31.65,1,0.0152,1.0000,1.62,0.0000
126,16128.00,16256.00,0.4785,1,"NNAPI delegate initialized — physical NPU not independently verified",71,PRESERVE,1.0000,1.0000,1.0000,"Acoustic guard: audible speech detected in microphone",-52.28,1,0.0122,1.0000,2.12,0.0000
127,16256.00,16384.00,0.0004,1,"NNAPI delegate initialized — physical NPU not independently verified",152,HANGOVER,1.0000,1.0000,1.0000,"Hangover active: protecting word ending (2 remaining)",-120.00,0,0.0315,1.0000,0.12,0.0000
128,16384.00,16512.00,0.0000,1,"NNAPI delegate initialized — physical NPU not independently verified",133,HANGOVER,1.0000,1.0000,1.0000,"Hangover active: protecting word ending (1 remaining)",-120.00,0,0.0074,1.0000,0.62,0.0000
129,16512.00,16640.00,0.0000,1,"NNAPI delegate initialized — physical NPU not independently verified",96,PAUSE_PENDING,1.0000,1.0000,1.0000,"Pause pending: window 1 of 3 required",-120.00,0,0.0175,1.0000,1.12,0.0000
130,16640.00,16768.00,0.0000,1,"NNAPI delegate initialized — physical NPU not independently verified",155,PAUSE_PENDING,1.0000,1.0000,1.0000,"Pause pending: window 2 of 3 required",-120.00,0,0.0357,1.0000,1.62,0.0000
131,16768.00,16896.00,0.0000,1,"NNAPI delegate initialized — physical NPU not independently verified",102,ATTENUATING,0.5000,1.0000,0.8400,"Confirmed sustained pause (3 consecutive windows, confidence 0.00)",-120.00,0,0.0260,1.0000,2.12,0.0000
132,16896.00,17024.00,0.0000,1,"NNAPI delegate initialized — physical NPU not independently verified",114,ATTENUATING,0.5000,0.8400,0.6800,"Confirmed sustained pause (4 consecutive windows, confidence 0.00)",-120.00,0,0.0260,1.0000,0.12,0.0000
133,17024.00,17152.00,0.0000,1,"NNAPI delegate initialized — physical NPU not independently verified",119,ATTENUATING,0.5000,0.6800,0.5200,"Confirmed sustained pause (5 consecutive windows, confidence 0.00)",-120.00,0,0.0248,1.0000,0.62,0.0000
134,17152.00,17280.00,0.0000,1,"NNAPI delegate initialized — physical NPU not independently verified",94,ATTENUATING,0.5000,0.5200,0.5000,"Confirmed sustained pause (6 consecutive windows, confidence 0.00)",-120.00,0,0.0098,1.0000,1.12,0.0000
135,17280.00,17408.00,0.0000,1,"NNAPI delegate initialized — physical NPU not independently verified",120,ATTENUATING,0.5000,0.5000,0.5000,"Confirmed sustained pause (7 consecutive windows, confidence 0.00)",-120.00,0,0.0088,1.0000,1.62,0.0000
136,17408.00,17536.00,0.0001,1,"NNAPI delegate initialized — physical NPU not independently verified",121,ATTENUATING,0.5000,0.5000,0.5000,"Confirmed sustained pause (8 consecutive windows, confidence 0.00)",-120.00,0,0.0130,1.0000,2.12,0.0000
137,17536.00,17664.00,0.0000,1,"NNAPI delegate initialized — physical NPU not independently verified",166,ATTENUATING,0.5000,0.5000,0.5000,"Confirmed sustained pause (9 consecutive windows, confidence 0.00)",-120.00,0,0.0444,1.0000,0.12,0.0000
138,17664.00,17792.00,0.0000,1,"NNAPI delegate initialized — physical NPU not independently verified",170,ATTENUATING,0.5000,0.5000,0.5000,"Confirmed sustained pause (10 consecutive windows, confidence 0.00)",-120.00,0,0.0408,1.0000,0.62,0.0000
139,17792.00,17920.00,0.0000,1,"NNAPI delegate initialized — physical NPU not independently verified",119,ATTENUATING,0.5000,0.5000,0.5000,"Confirmed sustained pause (11 consecutive windows, confidence 0.00)",-120.00,0,0.0188,1.0000,1.12,0.0000
140,17920.00,18048.00,0.0000,1,"NNAPI delegate initialized — physical NPU not independently verified",162,ATTENUATING,0.5000,0.5000,0.5000,"Confirmed sustained pause (12 consecutive windows, confidence 0.00)",-105.36,0,0.0085,1.0000,1.62,0.0000
141,18048.00,18176.00,0.0000,1,"NNAPI delegate initialized — physical NPU not independently verified",121,ATTENUATING,0.5000,0.5000,0.5000,"Confirmed sustained pause (13 consecutive windows, confidence 0.00)",-120.00,0,0.0029,1.0000,2.12,0.0000
142,18176.00,18304.00,0.0000,1,"NNAPI delegate initialized — physical NPU not independently verified",115,ATTENUATING,0.5000,0.5000,0.5000,"Confirmed sustained pause (14 consecutive windows, confidence 0.00)",-120.00,0,0.0074,1.0000,0.12,0.0000
143,18304.00,18432.00,0.0000,1,"NNAPI delegate initialized — physical NPU not independently verified",124,ATTENUATING,0.5000,0.5000,0.5000,"Confirmed sustained pause (15 consecutive windows, confidence 0.00)",-120.00,0,0.0276,1.0000,0.62,0.0000
144,18432.00,18560.00,0.0001,1,"NNAPI delegate initialized — physical NPU not independently verified",80,ATTENUATING,0.5000,0.5000,0.5000,"Confirmed sustained pause (16 consecutive windows, confidence 0.00)",-59.51,0,0.0217,1.0000,1.12,0.0000
145,18560.00,18688.00,0.0637,1,"NNAPI delegate initialized — physical NPU not independently verified",78,ATTENUATING,0.5000,0.5000,0.5000,"Confirmed sustained pause (17 consecutive windows, confidence 0.06)",-88.69,0,0.0131,1.0000,1.62,0.0000
146,18688.00,18816.00,0.0007,1,"NNAPI delegate initialized — physical NPU not independently verified",118,ATTENUATING,0.5000,0.5000,0.5000,"Confirmed sustained pause (18 consecutive windows, confidence 0.00)",-94.55,0,0.0120,1.0000,2.12,0.0000
147,18816.00,18944.00,0.0000,1,"NNAPI delegate initialized — physical NPU not independently verified",126,ATTENUATING,0.5000,0.5000,0.5000,"Confirmed sustained pause (19 consecutive windows, confidence 0.00)",-120.00,0,0.0180,1.0000,0.12,0.0000
148,18944.00,19072.00,0.0000,1,"NNAPI delegate initialized — physical NPU not independently verified",164,ATTENUATING,0.5000,0.5000,0.5000,"Confirmed sustained pause (20 consecutive windows, confidence 0.00)",-120.00,0,0.0323,1.0000,0.62,0.0000
149,19072.00,19200.00,0.0000,1,"NNAPI delegate initialized — physical NPU not independently verified",120,ATTENUATING,0.5000,0.5000,0.5000,"Confirmed sustained pause (21 consecutive windows, confidence 0.00)",-120.00,0,0.0095,1.0000,1.12,0.0000
150,19200.00,19328.00,0.0000,1,"NNAPI delegate initialized — physical NPU not independently verified",152,ATTENUATING,0.5000,0.5000,0.5000,"Confirmed sustained pause (22 consecutive windows, confidence 0.00)",-120.00,0,0.0175,1.0000,1.62,0.0000
151,19328.00,19456.00,0.0000,1,"NNAPI delegate initialized — physical NPU not independently verified",152,ATTENUATING,0.5000,0.5000,0.5000,"Confirmed sustained pause (23 consecutive windows, confidence 0.00)",-120.00,0,0.0403,1.0000,2.12,0.0000
152,19456.00,19584.00,0.0000,1,"NNAPI delegate initialized — physical NPU not independently verified",148,ATTENUATING,0.5000,0.5000,0.5000,"Confirmed sustained pause (24 consecutive windows, confidence 0.00)",-120.00,0,0.0097,1.0000,0.12,0.0000
153,19584.00,19712.00,0.0000,1,"NNAPI delegate initialized — physical NPU not independently verified",166,ATTENUATING,0.5000,0.5000,0.5000,"Confirmed sustained pause (25 consecutive windows, confidence 0.00)",-120.00,0,0.0099,1.0000,0.62,0.0000
154,19712.00,19840.00,0.0000,1,"NNAPI delegate initialized — physical NPU not independently verified",116,ATTENUATING,0.5000,0.5000,0.5000,"Confirmed sustained pause (26 consecutive windows, confidence 0.00)",-120.00,0,0.0294,1.0000,1.12,0.0000
155,19840.00,19968.00,0.0000,1,"NNAPI delegate initialized — physical NPU not independently verified",227,ATTENUATING,0.5000,0.5000,0.5000,"Confirmed sustained pause (27 consecutive windows, confidence 0.00)",-120.00,0,0.0385,1.0000,1.62,0.0000
156,19968.00,20096.00,0.1138,1,"NNAPI delegate initialized — physical NPU not independently verified",118,ATTENUATING,0.5000,0.5000,0.5000,"Confirmed sustained pause (28 consecutive windows, confidence 0.11)",-120.00,0,0.0493,1.0000,2.12,0.0000
157,20096.00,20224.00,0.0001,1,"NNAPI delegate initialized — physical NPU not independently verified",126,ATTENUATING,0.5000,0.5000,0.5000,"Confirmed sustained pause (29 consecutive windows, confidence 0.00)",-120.00,0,0.1368,1.0000,0.12,0.0000
158,20224.00,20352.00,0.0000,1,"NNAPI delegate initialized — physical NPU not independently verified",156,ATTENUATING,0.5000,0.5000,0.5000,"Confirmed sustained pause (30 consecutive windows, confidence 0.00)",-120.00,0,0.2169,1.0000,0.62,0.0000
159,20352.00,20480.00,0.0000,1,"NNAPI delegate initialized — physical NPU not independently verified",129,ATTENUATING,0.5000,0.5000,0.5000,"Confirmed sustained pause (31 consecutive windows, confidence 0.00)",-120.00,0,0.2677,1.0000,1.12,0.0000
160,20480.00,20608.00,0.0000,1,"NNAPI delegate initialized — physical NPU not independently verified",122,ATTENUATING,0.5000,0.5000,0.5000,"Confirmed sustained pause (32 consecutive windows, confidence 0.00)",-120.00,0,0.1162,1.0000,1.62,0.0000
161,20608.00,20736.00,0.0000,1,"NNAPI delegate initialized — physical NPU not independently verified",63,ATTENUATING,0.5000,0.5000,0.5000,"Confirmed sustained pause (33 consecutive windows, confidence 0.00)",-120.00,0,0.1933,1.0000,2.12,0.0000
162,20736.00,20864.00,0.0000,1,"NNAPI delegate initialized — physical NPU not independently verified",64,ATTENUATING,0.5000,0.5000,0.5000,"Confirmed sustained pause (34 consecutive windows, confidence 0.00)",-120.00,0,0.1316,1.0000,0.12,0.0000
163,20864.00,20992.00,0.0000,1,"NNAPI delegate initialized — physical NPU not independently verified",124,ATTENUATING,0.5000,0.5000,0.5000,"Confirmed sustained pause (35 consecutive windows, confidence 0.00)",-109.62,0,0.0694,1.0000,0.62,0.0000
164,20992.00,21120.00,0.0000,1,"NNAPI delegate initialized — physical NPU not independently verified",161,ATTENUATING,0.5000,0.5000,0.5000,"Confirmed sustained pause (36 consecutive windows, confidence 0.00)",-120.00,0,0.0808,1.0000,1.12,0.0000
165,21120.00,21248.00,0.0000,1,"NNAPI delegate initialized — physical NPU not independently verified",118,ATTENUATING,0.5000,0.5000,0.5000,"Confirmed sustained pause (37 consecutive windows, confidence 0.00)",-120.00,0,0.0331,1.0000,1.62,0.0000
166,21248.00,21376.00,0.0000,1,"NNAPI delegate initialized — physical NPU not independently verified",164,ATTENUATING,0.5000,0.5000,0.5000,"Confirmed sustained pause (38 consecutive windows, confidence 0.00)",-120.00,0,0.0237,1.0000,2.12,0.0000
167,21376.00,21480.00,0.0000,1,"NNAPI delegate initialized — physical NPU not independently verified",81,ATTENUATING,0.5000,0.5000,0.5000,"Confirmed sustained pause (39 consecutive windows, confidence 0.00)",-120.00,0,0.0714,1.0000,1.12,0.0000
